portfolio,calibration,budget,strategy,n_splits,patch_auc_calibrated_mean,patch_auc_calibrated_std,brier_calibrated_mean,brier_calibrated_std,nll_calibrated_mean,nll_calibrated_std,best_of_n_pass_rate_calibrated_mean,best_of_n_pass_rate_calibrated_std,best_of_n_pass_rate_raw_mean,best_of_n_pass_rate_raw_std,oracle_best_of_n_pass_rate_mean,oracle_best_of_n_pass_rate_std,best_of_n_lift_vs_raw_mean,best_of_n_lift_vs_raw_std,best_of_n_oracle_gap_recovered_mean,best_of_n_oracle_gap_recovered_std
20b_120b_x3,global,16,high_score,30,0.76429351686244,0.11415875215898492,0.30628038323717915,0.04547029806550723,0.8454422404500883,0.17955254548655905,0.5351351351351351,0.04002677457932082,0.5441441441441441,0.0431492973507317,0.5981981981981982,0.041568547729943534,-0.00900900900900901,0.036483705822192056,-0.18333333333333351,0.7127801593447705
20b_120b_x3,global,16,random,30,0.7907436562135596,0.024361193321074726,0.2486332358928013,0.03157618693164598,0.6909795667354863,0.06679890495661964,0.5441441441441441,0.0431492973507317,0.5441441441441441,0.0431492973507317,0.5981981981981982,0.041568547729943534,0.0,0.0,0.0,0.0
20b_120b_x3,global,16,route_balanced_random,30,0.7907436562135596,0.024361193321074726,0.236095567538328,0.024930924056611035,0.6652366674659856,0.05459894417700072,0.5441441441441441,0.0431492973507317,0.5441441441441441,0.0431492973507317,0.5981981981981982,0.041568547729943534,0.0,0.0,0.0,0.0
20b_120b_x3,global,16,top2_margin,30,0.4397645562966676,0.2172244270238816,0.40361057349847257,0.08205163077165722,1.3328205176662402,0.4365988244989042,0.4612612612612612,0.058979774066064534,0.5441441441441441,0.0431492973507317,0.5981981981981982,0.041568547729943534,-0.08288288288288287,0.05698509766078727,-1.6544444444444437,1.4137678402668643
20b_120b_x3,global,16,uncertainty,30,0.6089642389332272,0.27065131812381404,0.27507944842993903,0.033306577088922595,0.7492085203936952,0.07916355534564698,0.4950450450450451,0.07751020678904685,0.5441441441441441,0.0431492973507317,0.5981981981981982,0.041568547729943534,-0.04909909909909909,0.0760034194165384,-0.9949999999999992,1.6685053746347895
20b_120b_x3,global,32,high_score,30,0.7729384722670714,0.10310156024509262,0.31577492224002063,0.04131685068943224,0.85571160443835,0.11482246376883658,0.5378378378378378,0.04119590401864387,0.5441441441441441,0.0431492973507317,0.5981981981981982,0.041568547729943534,-0.006306306306306307,0.03396049878373111,-0.11666666666666667,0.6282692274990254
20b_120b_x3,global,32,random,30,0.7907436562135596,0.024361193321074726,0.2245539629912529,0.017522334119428048,0.6402524545456575,0.03584407381814788,0.5441441441441441,0.0431492973507317,0.5441441441441441,0.0431492973507317,0.5981981981981982,0.041568547729943534,0.0,0.0,0.0,0.0
20b_120b_x3,global,32,route_balanced_random,30,0.7907436562135596,0.024361193321074726,0.21583336492094743,0.010153562634023753,0.6224572399034568,0.020876447774279897,0.5441441441441441,0.0431492973507317,0.5441441441441441,0.0431492973507317,0.5981981981981982,0.041568547729943534,0.0,0.0,0.0,0.0
20b_120b_x3,global,32,top2_margin,30,0.4672770629020288,0.28602883270344565,0.345574090163327,0.05530909875624119,0.9920043584487145,0.27960241407547737,0.4653153153153154,0.08037858840655879,0.5441441441441441,0.0431492973507317,0.5981981981981982,0.041568547729943534,-0.07882882882882881,0.07394113615532467,-1.5772222222222216,1.6528789884977297
20b_120b_x3,global,32,uncertainty,30,0.26628755362039375,0.1746534676887783,0.26478581741230295,0.01743758806657886,0.7239835191322046,0.03800084497107409,0.42162162162162165,0.051446095622591836,0.5441441441441441,0.0431492973507317,0.5981981981981982,0.041568547729943534,-0.1225225225225225,0.05232985849173912,-2.68944444444444,2.3146973377597413
20b_120b_x3,global,64,high_score,30,0.48849968570437136,0.2915357338981916,0.33616604779701637,0.04191564475161165,0.9167272856261065,0.12516135347007873,0.472972972972973,0.07580426655121668,0.5441441441441441,0.0431492973507317,0.5981981981981982,0.041568547729943534,-0.07117117117117115,0.07555760845499729,-1.5172222222222191,2.471052719633842
20b_120b_x3,global,64,random,30,0.7907436562135596,0.024361193321074726,0.21140746623999443,0.012987652623381396,0.6125653474376616,0.02680267572469238,0.5441441441441441,0.0431492973507317,0.5441441441441441,0.0431492973507317,0.5981981981981982,0.041568547729943534,0.0,0.0,0.0,0.0
20b_120b_x3,global,64,route_balanced_random,30,0.7907436562135596,0.024361193321074726,0.2147713924175273,0.019686905915603677,0.6196464223800358,0.040517294648181,0.5441441441441441,0.0431492973507317,0.5441441441441441,0.0431492973507317,0.5981981981981982,0.041568547729943534,0.0,0.0,0.0,0.0
20b_120b_x3,global,64,top2_margin,30,0.6078716792042642,0.27108862424326796,0.31637273306138636,0.05141796065125841,0.8623101278375049,0.14149204885401365,0.5000000000000001,0.0734386210988928,0.5441441441441441,0.0431492973507317,0.5981981981981982,0.041568547729943534,-0.04414414414414414,0.06977766818281536,-0.886666666666666,1.5623723651573596
20b_120b_x3,global,64,uncertainty,30,0.5400307478437866,0.28900325360715684,0.2604142398030336,0.014673491235642934,0.7146047754040096,0.03071029583570489,0.4828828828828829,0.07917683799178317,0.5441441441441441,0.0431492973507317,0.5981981981981982,0.041568547729943534,-0.06126126126126126,0.07358215308191988,-1.0016666666666663,1.2560840824651114
20b_120b_x3,global,128,high_score,30,0.6078861856118986,0.2710828513989227,0.3304964837254273,0.03353127464671686,0.8910422744700074,0.08502485019020539,0.50990990990991,0.07801510512008021,0.5441441441441441,0.0431492973507317,0.5981981981981982,0.041568547729943534,-0.034234234234234225,0.054472852100291805,-0.5566666666666665,0.882206828860947
20b_120b_x3,global,128,random,30,0.7907436562135596,0.024361193321074726,0.20234199663737368,0.007684020351824071,0.5932954513065088,0.01632296224611828,0.5441441441441441,0.0431492973507317,0.5441441441441441,0.0431492973507317,0.5981981981981982,0.041568547729943534,0.0,0.0,0.0,0.0
20b_120b_x3,global,128,route_balanced_random,30,0.7907436562135596,0.024361193321074726,0.20193267335036696,0.007934537473652527,0.5924087688871442,0.016534966251634003,0.5441441441441441,0.0431492973507317,0.5441441441441441,0.0431492973507317,0.5981981981981982,0.041568547729943534,0.0,0.0,0.0,0.0
20b_120b_x3,global,128,top2_margin,30,0.7708857016681051,0.10838024727889166,0.2527207221191995,0.03971149746643935,0.7018668416648516,0.08752060542345956,0.5396396396396397,0.04982723174423362,0.5441441441441441,0.0431492973507317,0.5981981981981982,0.041568547729943534,-0.0045045045045045045,0.024257499131236513,-0.0666666666666667,0.35901098714230034
20b_120b_x3,global,128,uncertainty,30,0.7907436562135596,0.024361193321074726,0.24812465106438747,0.01729123472293373,0.6894879358989442,0.035958431644865146,0.5441441441441441,0.0431492973507317,0.5441441441441441,0.0431492973507317,0.5981981981981982,0.041568547729943534,0.0,0.0,0.0,0.0
20b_120b_x3,global_len,16,high_score,30,0.36704017410676776,0.23204275905297667,0.3077199575394334,0.04529289212443035,0.849008833583907,0.17881241863713504,0.4801801801801802,0.05719833938504495,0.5441441441441441,0.0431492973507317,0.5981981981981982,0.041568547729943534,-0.06396396396396395,0.03773043529976923,-1.404999999999999,1.188643406639747
20b_120b_x3,global_len,16,random,30,0.7979979585224722,0.02512790115553499,0.24250333712147493,0.023933244359872853,0.6781807033378341,0.051483416671634016,0.5436936936936937,0.045182223553263824,0.5441441441441441,0.0431492973507317,0.5981981981981982,0.041568547729943534,-0.0004504504504504533,0.004249541050475951,-0.00944444444444449,0.08385208905868816
20b_120b_x3,global_len,16,route_balanced_random,30,0.7812067377653348,0.1008625042333179,0.23143376526697515,0.018099781566598697,0.6545799489539333,0.03669876438694583,0.5396396396396396,0.052446052532713096,0.5441441441441441,0.0431492973507317,0.5981981981981982,0.041568547729943534,-0.0045045045045045045,0.022701987690728197,-0.11388888888888864,0.45617336156604843
20b_120b_x3,global_len,16,top2_margin,30,0.45525285232728646,0.19942104956117038,0.403594445967254,0.08132051651747307,1.331334027311386,0.43614069014874834,0.4626126126126127,0.05480151374379465,0.5441441441441441,0.0431492973507317,0.5981981981981982,0.041568547729943534,-0.0815315315315315,0.05297151741580571,-1.635555555555555,1.355221270257377
20b_120b_x3,global_len,16,uncertainty,30,0.7754425093264297,0.0580096063451879,0.2732728722015387,0.03320452698533999,0.745208410564337,0.07838397339445692,0.5175675675675676,0.040110329945015746,0.5441441441441441,0.0431492973507317,0.5981981981981982,0.041568547729943534,-0.02657657657657658,0.034272737948877946,-0.5583333333333326,0.684386045488405
20b_120b_x3,global_len,32,high_score,30,0.5480145984438382,0.295112860700291,0.31528089345345917,0.041524261709558974,0.8543765162189373,0.11485180658129962,0.495945945945946,0.0569227516825968,0.5441441441441441,0.0431492973507317,0.5981981981981982,0.041568547729943534,-0.04819819819819819,0.04283070866492727,-1.0399999999999994,0.9950023264443297
20b_120b_x3,global_len,32,random,30,0.800775045261198,0.024119557692116347,0.2151463975536245,0.01018182927893553,0.6209587505997173,0.020517713814247735,0.5459459459459458,0.043941435669395304,0.5441441441441441,0.0431492973507317,0.5981981981981982,0.041568547729943534,0.0018018018018017981,0.004593711273507004,0.03166666666666661,0.08112062349091954
20b_120b_x3,global_len,32,route_balanced_random,30,0.7995702973256933,0.02469264774707294,0.21901606147040714,0.01542031566504859,0.6286958005400304,0.03175761151188346,0.5445945945945945,0.043320595232159094,0.5441441441441441,0.0431492973507317,0.5981981981981982,0.041568547729943534,0.00045045045045044954,0.0024257499131236453,0.01111111111111108,0.05983516452371656
20b_120b_x3,global_len,32,top2_margin,30,0.46426668794560916,0.2816907362115416,0.34580050834448917,0.053764486213517954,0.9904818637348431,0.27530406143957653,0.4653153153153153,0.07977043802212508,0.5441441441441441,0.0431492973507317,0.5981981981981982,0.041568547729943534,-0.07882882882882881,0.0734455280936035,-1.572777777777777,1.6498119047296418
20b_120b_x3,global_len,32,uncertainty,30,0.7428338470478724,0.06019336897749037,0.2600561847512084,0.017564086783882975,0.7141557336552214,0.0378257820664646,0.5112612612612613,0.05292553186065818,0.5441441441441441,0.0431492973507317,0.5981981981981982,0.041568547729943534,-0.03288288288288287,0.038960709128231914,-0.6772222222222212,0.7741600386432359
20b_120b_x3,global_len,64,high_score,30,0.5029325724566335,0.303995282582304,0.33609295539123385,0.04189789287330912,0.9163511614557436,0.12493055583211153,0.4711711711711713,0.06000297587512328,0.5441441441441441,0.0431492973507317,0.5981981981981982,0.041568547729943534,-0.07297297297297294,0.05589217069998595,-1.4566666666666657,1.1434159348198705
20b_120b_x3,global_len,64,random,30,0.8015945128042143,0.024878983321980633,0.20540312764983634,0.010803407080772359,0.6001043054636865,0.02216094184250579,0.5468468468468468,0.043821212637893,0.5441441441441441,0.0431492973507317,0.5981981981981982,0.041568547729943534,0.0027027027027027046,0.005405405405405408,0.04944444444444445,0.10087426472570002
20b_120b_x3,global_len,64,route_balanced_random,30,0.8005900285426811,0.022594896415557193,0.21033002128452127,0.02400911258064006,0.610124875664097,0.050352792673018294,0.5459459459459458,0.04407974710891917,0.5441441441441441,0.0431492973507317,0.5981981981981982,0.041568547729943534,0.0018018018018018092,0.005768580394083659,0.03388888888888901,0.13027629707758417
20b_120b_x3,global_len,64,top2_margin,30,0.6052729293922561,0.2751828797921651,0.3154294959841195,0.05217432985193896,0.8598633833669951,0.1417917612045664,0.5031531531531531,0.07316319329316383,0.5441441441441441,0.0431492973507317,0.5981981981981982,0.041568547729943534,-0.04099099099099098,0.06982563184179105,-0.8322222222222215,1.5600387776123752
20b_120b_x3,global_len,64,uncertainty,30,0.7983582797532534,0.055443124256859655,0.25373886703308735,0.015138315340944479,0.7009112160457927,0.03127712879074224,0.5243243243243243,0.046341697836438496,0.5441441441441441,0.0431492973507317,0.5981981981981982,0.041568547729943534,-0.01981981981981982,0.025813601408818734,-0.4044444444444439,0.47706536032779673
20b_120b_x3,global_len,128,high_score,30,0.7301473250844552,0.18121953244649303,0.32526920758728045,0.03354998635602166,0.8757684599311215,0.08371685166323876,0.5220720720720722,0.06419353549375807,0.5441441441441441,0.0431492973507317,0.5981981981981982,0.041568547729943534,-0.02207207207207207,0.04106023257917828,-0.3699999999999999,0.6668110954663526
20b_120b_x3,global_len,128,random,30,0.8024813537494031,0.024013845590176212,0.19671553905653377,0.007794831453930453,0.5809064606163833,0.01622369846500102,0.5481981981981981,0.04422909641544221,0.5441441441441441,0.0431492973507317,0.5981981981981982,0.041568547729943534,0.004054054054054057,0.0061926698580484375,0.08111111111111116,0.13338424953753497
20b_120b_x3,global_len,128,route_balanced_random,30,0.8023932285760164,0.02407701087606506,0.1962094287265016,0.008475751513406515,0.5794145410000974,0.01768164481116718,0.5481981981981983,0.044229096415442225,0.5441441441441441,0.0431492973507317,0.5981981981981982,0.041568547729943534,0.004054054054054057,0.006192669858048437,0.07944444444444448,0.13156348512138155
20b_120b_x3,global_len,128,top2_margin,30,0.7795622566927229,0.11115530932588512,0.2444646085867839,0.04067935067526518,0.684081622505218,0.08924347460542884,0.5441441441441441,0.05007096660032523,0.5441441441441441,0.0431492973507317,0.5981981981981982,0.041568547729943534,-1.8503717077085942e-18,0.02587640831773887,0.012777777777777706,0.3906709170543654
20b_120b_x3,global_len,128,uncertainty,30,0.8131213135185174,0.023335468821073922,0.2407354136854958,0.01762559138137207,0.6742112265908397,0.03621606424797107,0.5459459459459459,0.04324324324324324,0.5441441441441441,0.0431492973507317,0.5981981981981982,0.041568547729943534,0.0018018018018017964,0.010885627003238366,0.025555555555555422,0.20270089866842653
20b_120b_x3,raw,0,none,120,0.7907436562135598,0.024361193321074726,0.19082709681454074,0.011072302349985618,0.584308579326237,0.03425553484444474,0.5441441441441442,0.0431492973507317,0.5441441441441442,0.0431492973507317,0.5981981981981981,0.041568547729943534,0.0,0.0,0.0,0.0
20b_120b_x3,route_intercept,16,high_score,30,0.570275694042539,0.09159370894153016,0.3153718480843361,0.04669177260749047,0.873308693048082,0.1819919754446918,0.5135135135135135,0.04329951293945194,0.5441441441441441,0.0431492973507317,0.5981981981981982,0.041568547729943534,-0.030630630630630637,0.020622564220287562,-0.7438888888888878,0.9276062715730846
20b_120b_x3,route_intercept,16,random,30,0.72729162664935,0.08748082928545053,0.24213738723094574,0.02814871329248125,0.6779366646665839,0.060574398221530296,0.5454954954954956,0.047262964802220676,0.5441441441441441,0.0431492973507317,0.5981981981981982,0.041568547729943534,0.0013513513513513542,0.02243677370344554,0.05444444444444447,0.39851421586552416
20b_120b_x3,route_intercept,16,route_balanced_random,30,0.717694343138918,0.08731026229223127,0.24393175545346946,0.02313219192399679,0.6813367665297501,0.04882255956760928,0.5527027027027028,0.04133603908923841,0.5441441441441441,0.0431492973507317,0.5981981981981982,0.041568547729943534,0.008558558558558553,0.025035483300162618,0.04222222222222292,0.7081500852290223
20b_120b_x3,route_intercept,16,top2_margin,30,0.42498886398985586,0.17044083131276047,0.40398658067079507,0.08157602073958274,1.3347097513274897,0.4353755548263097,0.4599099099099099,0.059570262579170474,0.5441441441441441,0.0431492973507317,0.5981981981981982,0.041568547729943534,-0.0842342342342342,0.05761717328693325,-1.7311111111111102,1.4260326559383076
20b_120b_x3,route_intercept,16,uncertainty,30,0.559573712027576,0.15166542763438892,0.277574718606562,0.033445322966191265,0.7556880819858874,0.08041872988582414,0.5243243243243243,0.06418563290290766,0.5441441441441441,0.0431492973507317,0.5981981981981982,0.041568547729943534,-0.019819819819819822,0.053911222704061915,-0.3711111111111108,1.0209920133664234
20b_120b_x3,route_intercept,32,high_score,30,0.6066601077311286,0.06666685492185234,0.3224091152505361,0.04316200581497495,0.8848947102954522,0.13170794299185665,0.5211711711711711,0.04598346816203703,0.5441441441441441,0.0431492973507317,0.5981981981981982,0.041568547729943534,-0.022972972972972974,0.020089282090970946,-0.5633333333333326,0.6634422021212937
20b_120b_x3,route_intercept,32,random,30,0.7526715352542132,0.049827692284891784,0.22698025490583565,0.02239719834702746,0.6458417084973143,0.048635497781991784,0.554954954954955,0.048086508630927983,0.5441441441441441,0.0431492973507317,0.5981981981981982,0.041568547729943534,0.010810810810810813,0.022450334764643448,0.17611111111111108,0.38671655169907676
20b_120b_x3,route_intercept,32,route_balanced_random,30,0.7485991429884999,0.04665555055392541,0.2256103290680956,0.02133900028938459,0.6429533921287216,0.045904674961883545,0.5495495495495496,0.047243641809466275,0.5441441441441441,0.0431492973507317,0.5981981981981982,0.041568547729943534,0.0054054054054054005,0.020523938288098224,0.06722222222222206,0.4133755205471828
20b_120b_x3,route_intercept,32,top2_margin,30,0.46702930960449013,0.19292184026154824,0.3464339470923107,0.05515739770357657,0.9980897557100257,0.28021175597996417,0.4734234234234234,0.07281291533483931,0.5441441441441441,0.0431492973507317,0.5981981981981982,0.041568547729943534,-0.0707207207207207,0.06248285212370044,-1.3983333333333323,1.1362328106510553
20b_120b_x3,route_intercept,32,uncertainty,30,0.3884824255916114,0.08093547956481721,0.2672272732066393,0.01846790102122421,0.7300452431222408,0.041264408041873146,0.486036036036036,0.04433906222424434,0.5441441441441441,0.0431492973507317,0.5981981981981982,0.041568547729943534,-0.05810810810810811,0.04303864888993664,-1.257222222222221,1.1898621405777392
20b_120b_x3,route_intercept,64,high_score,30,0.5784011108678674,0.096004468204878,0.33500485295959187,0.04074803623268943,0.9174691993385805,0.12450259619569358,0.5112612612612613,0.047596650268611,0.5441441441441441,0.0431492973507317,0.5981981981981982,0.041568547729943534,-0.03288288288288288,0.03413035448561191,-0.7705555555555545,0.9211173099912016
20b_120b_x3,route_intercept,64,random,30,0.7786346687332151,0.02950364963149959,0.2130631244243194,0.013646812296905174,0.6161542909082871,0.028179113449721616,0.5486486486486485,0.04310224761767814,0.5441441441441441,0.0431492973507317,0.5981981981981982,0.041568547729943534,0.004504504504504499,0.013662838637930722,0.08055555555555544,0.24502771322222622
20b_120b_x3,route_intercept,64,route_balanced_random,30,0.7814597076256455,0.02396404656866046,0.212556976324052,0.011353013708172426,0.6155397071685872,0.024329604281471226,0.5504504504504504,0.04467414871429707,0.5441441441441441,0.0431492973507317,0.5981981981981982,0.041568547729943534,0.006306306306306303,0.016636202984341788,0.09166666666666665,0.28221183270465194
20b_120b_x3,route_intercept,64,top2_margin,30,0.5766592796154684,0.22913087392144582,0.31657506288338116,0.05134759431562183,0.8631287819457637,0.14139571059409695,0.5013513513513513,0.07607279970290577,0.5441441441441441,0.0431492973507317,0.5981981981981982,0.041568547729943534,-0.042792792792792786,0.06556336867541832,-0.9027777777777765,1.4515769415652555
20b_120b_x3,route_intercept,64,uncertainty,30,0.45775242395446897,0.14682713724374363,0.26303407044354754,0.015675325918747995,0.7206686230120369,0.03367482523587464,0.5135135135135135,0.04509006759006197,0.5441441441441441,0.0431492973507317,0.5981981981981982,0.041568547729943534,-0.03063063063063063,0.03931067428697554,-0.5327777777777774,0.8054270012366026
20b_120b_x3,route_intercept,128,high_score,30,0.5887464298137746,0.16506908038646118,0.3319982900497288,0.03364406874421667,0.8967923852643082,0.08620279916543466,0.5382882882882883,0.06775499529951044,0.5441441441441441,0.0431492973507317,0.5981981981981982,0.041568547729943534,-0.005855855855855859,0.04381426662892465,-0.07722222222222233,0.7556268348730389
20b_120b_x3,route_intercept,128,random,30,0.7874122522869434,0.025178575668159682,0.20180951370545436,0.007104962889342943,0.5921461294874624,0.014965329303171035,0.55,0.04456728620587652,0.5441441441441441,0.0431492973507317,0.5981981981981982,0.041568547729943534,0.005855855855855857,0.0154800362859816,0.10277777777777779,0.285970839400898
20b_120b_x3,route_intercept,128,route_balanced_random,30,0.7873394750018344,0.023770920236660734,0.20209261899581846,0.007773952066508017,0.5928016934719118,0.016272738295697753,0.5418918918918918,0.04445788490872664,0.5441441441441441,0.0431492973507317,0.5981981981981982,0.041568547729943534,-0.0022522522522522457,0.008605843772316569,-0.04666666666666649,0.17290545479046107
20b_120b_x3,route_intercept,128,top2_margin,30,0.7644827626882622,0.09619462303641879,0.2531227510493528,0.03961212274298532,0.702886663129455,0.08744371881723634,0.5387387387387387,0.04505405315333329,0.5441441441441441,0.0431492973507317,0.5981981981981982,0.041568547729943534,-0.005405405405405402,0.01286743860998712,-0.10222222222222208,0.21320887573306607
20b_120b_x3,route_intercept,128,uncertainty,30,0.7520652344150689,0.04891043026732296,0.24887583902595975,0.017590499826427842,0.691056890043614,0.036748921597568596,0.5585585585585585,0.04633294007431996,0.5441441441441441,0.0431492973507317,0.5981981981981982,0.041568547729943534,0.01441441441441441,0.018768168158558238,0.2672222222222221,0.3408997716646163
20b_120b_x3,route_intercept_len,16,high_score,30,0.4710709696667444,0.1022931980861989,0.317026912784199,0.04675335527905525,0.8779285220777072,0.18163972885692256,0.5009009009009008,0.041860396956716894,0.5441441441441441,0.0431492973507317,0.5981981981981982,0.041568547729943534,-0.04324324324324324,0.023509888920179963,-0.9022222222222216,0.6285747153994543
20b_120b_x3,route_intercept_len,16,random,30,0.7318207010705018,0.059798353521618865,0.24581101240147993,0.023010345895667843,0.6851095485702824,0.04909700360423018,0.5477477477477477,0.04856516025925605,0.5441441441441441,0.0431492973507317,0.5981981981981982,0.041568547729943534,0.0036036036036036076,0.019405999304989208,0.08222222222222218,0.39623069723596477
20b_120b_x3,route_intercept_len,16,route_balanced_random,30,0.7054161239362937,0.06957052207477421,0.2437937394739568,0.024968073228561066,0.6809921321326523,0.053310560332215845,0.540990990990991,0.05308630702762877,0.5441441441441441,0.0431492973507317,0.5981981981981982,0.041568547729943534,-0.003153153153153158,0.02650011906321211,-0.09000000000000008,0.47886053022504094
20b_120b_x3,route_intercept_len,16,top2_margin,30,0.44183014371834667,0.15526120272323346,0.4039596058017747,0.08085275418583472,1.3331520597609923,0.434926246015629,0.46216216216216216,0.05543286509158615,0.5441441441441441,0.0431492973507317,0.5981981981981982,0.041568547729943534,-0.08198198198198196,0.05449519688229409,-1.687222222222221,1.3736790512352084
20b_120b_x3,route_intercept_len,16,uncertainty,30,0.6609303131390868,0.056246876705056535,0.275828892048084,0.03336698771516863,0.7517496796166889,0.07969417000626244,0.5252252252252252,0.05148552094497134,0.5441441441441441,0.0431492973507317,0.5981981981981982,0.041568547729943534,-0.018918918918918923,0.04210205926323574,-0.39222222222222164,0.7747249611520836
20b_120b_x3,route_intercept_len,32,high_score,30,0.5776583081998472,0.09165312525818889,0.3226675128657914,0.04392908088494209,0.8862221312046442,0.13423096592863837,0.5130630630630632,0.04392527096591924,0.5441441441441441,0.0431492973507317,0.5981981981981982,0.041568547729943534,-0.031081081081081076,0.0191587119983214,-0.7183333333333324,0.6514137048104003
20b_120b_x3,route_intercept_len,32,random,30,0.7674950756175924,0.04876542127844803,0.22371239983987398,0.021432444536911847,0.638517144261839,0.04508998923094868,0.5518018018018017,0.04496614712001965,0.5441441441441441,0.0431492973507317,0.5981981981981982,0.041568547729943534,0.007657657657657653,0.021418907077421154,0.11722222222222217,0.3780427991969842
20b_120b_x3,route_intercept_len,32,route_balanced_random,30,0.7675233179648498,0.03715679638608762,0.22108921062983095,0.018250899712748517,0.6328933932451906,0.037844519210742125,0.5472972972972973,0.04856724921812573,0.5441441441441441,0.0431492973507317,0.5981981981981982,0.041568547729943534,0.003153153153153145,0.019947378221157226,0.028888888888888926,0.39681447604020337
20b_120b_x3,route_intercept_len,32,top2_margin,30,0.4597178288171057,0.19548813216475203,0.34683901072248347,0.053707806782394764,0.9973392050591533,0.276571537413016,0.472072072072072,0.07158620009123941,0.5441441441441441,0.0431492973507317,0.5981981981981982,0.041568547729943534,-0.07207207207207204,0.06254614399174697,-1.4355555555555546,1.1570135033410704
20b_120b_x3,route_intercept_len,32,uncertainty,30,0.6268482092714028,0.05018935519413329,0.2626830180522376,0.018525416886038978,0.7203952639750627,0.040918584792467676,0.518918918918919,0.03863384079710191,0.5441441441441441,0.0431492973507317,0.5981981981981982,0.041568547729943534,-0.025225225225225235,0.030762830772907878,-0.5294444444444442,0.6465962638270202
20b_120b_x3,route_intercept_len,64,high_score,30,0.5359291160665582,0.14306984594424452,0.335705844959172,0.04104540921287609,0.919748497487524,0.12589363307382012,0.4936936936936937,0.056124029287108176,0.5441441441441441,0.0431492973507317,0.5981981981981982,0.041568547729943534,-0.05045045045045045,0.043430525380879104,-1.0766666666666656,0.9991904130252046
20b_120b_x3,route_intercept_len,64,random,30,0.7889723125777456,0.026381142234980417,0.20364007040461546,0.006468776684749613,0.5962815265072983,0.013882649811858792,0.5509009009009008,0.04558460633495798,0.5441441441441441,0.0431492973507317,0.5981981981981982,0.041568547729943534,0.0067567567567567545,0.01664230018190195,0.10999999999999988,0.28250204850125843
20b_120b_x3,route_intercept_len,64,route_balanced_random,30,0.7912758233027897,0.030598174756484863,0.2051552573080328,0.014664935344592706,0.5989379019025115,0.030391738933307568,0.5518018018018018,0.045370446287371184,0.5441441441441441,0.0431492973507317,0.5981981981981982,0.041568547729943534,0.007657657657657661,0.014251614432032761,0.14111111111111116,0.2520557453529518
20b_120b_x3,route_intercept_len,64,top2_margin,30,0.5730684843961694,0.2322956829852257,0.3157527965344131,0.05218678520776267,0.861067540330067,0.1419867221888591,0.5009009009009009,0.07691499149005944,0.5441441441441441,0.0431492973507317,0.5981981981981982,0.041568547729943534,-0.04324324324324324,0.06742326934078434,-0.9266666666666653,1.5305929618336822
20b_120b_x3,route_intercept_len,64,uncertainty,30,0.6817167271477842,0.05778606717605985,0.2563475265012737,0.015985176613310143,0.7067284743707023,0.03387817249912204,0.55,0.04174633241116273,0.5441441441441441,0.0431492973507317,0.5981981981981982,0.041568547729943534,0.005855855855855844,0.02556479932191479,0.08222222222222213,0.5520321604515799
20b_120b_x3,route_intercept_len,128,high_score,30,0.648122940566185,0.13914410300654217,0.3266081828560284,0.03361615476830619,0.8809464768448365,0.08464563886516542,0.5405405405405405,0.062998680133503,0.5441441441441441,0.0431492973507317,0.5981981981981982,0.041568547729943534,-0.003603603603603602,0.04068043929684913,-0.02944444444444445,0.7133733547097734
20b_120b_x3,route_intercept_len,128,random,30,0.7980753798705442,0.023480664007696855,0.19857586520081025,0.00918489347238218,0.584582491421722,0.01911833193660072,0.545045045045045,0.04263841285116841,0.5441441441441441,0.0431492973507317,0.5981981981981982,0.041568547729943534,0.0009009009009009066,0.012053232576810492,0.03444444444444452,0.27981254748205087
20b_120b_x3,route_intercept_len,128,route_balanced_random,30,0.7999597383875389,0.023151605684625275,0.19988667342342048,0.007962110571103216,0.5873753423112015,0.016763191616593075,0.549099099099099,0.04336740807835748,0.5441441441441441,0.0431492973507317,0.5981981981981982,0.041568547729943534,0.004954954954954952,0.014165932606771505,0.0733333333333333,0.2338723931897396
20b_120b_x3,route_intercept_len,128,top2_margin,30,0.7753516930499293,0.09970011862048794,0.24483730301388681,0.040689355562677575,0.6850078397129878,0.08941494376794674,0.5400900900900899,0.0446127909003991,0.5441441441441441,0.0431492973507317,0.5981981981981982,0.041568547729943534,-0.004054054054054052,0.01444956300211301,-0.08611111111111105,0.246271580491994
20b_120b_x3,route_intercept_len,128,uncertainty,30,0.7853399208134582,0.04143446959821931,0.24148012797419358,0.01796175812204155,0.6757202055913056,0.03708342197330278,0.5621621621621621,0.04941833568253144,0.5441441441441441,0.0431492973507317,0.5981981981981982,0.041568547729943534,0.018018018018018018,0.023232066591401104,0.2983333333333333,0.3926017207184794
20b_x3,global,16,high_score,30,0.7374880665036802,0.13285670455107634,0.39228007315751573,0.08817731276448575,1.2054017753604123,0.44543396831471316,0.5103603603603604,0.05546396963437866,0.5211711711711711,0.04598346816203703,0.5396396396396396,0.04229439493443424,-0.010810810810810806,0.021621621621621612,-0.5055555555555549,1.0169702036253203
20b_x3,global,16,random,30,0.7651800839897756,0.156977418344837,0.2434909241896879,0.0424715290034036,0.6839576073168487,0.10913880041477633,0.5144144144144144,0.051862479151799104,0.5211711711711711,0.04598346816203703,0.5396396396396396,0.04229439493443424,-0.006756756756756756,0.025341591313576935,-3153153153.4198213,16980249391.816044
20b_x3,global,16,route_balanced_random,30,0.8070082249845831,0.02661459386971603,0.2253903935325464,0.017719740712823846,0.6423071039135876,0.03617149814561936,0.5211711711711711,0.04598346816203703,0.5211711711711711,0.04598346816203703,0.5396396396396396,0.04229439493443424,0.0,0.0,0.0,0.0
20b_x3,global,16,top2_margin,30,0.43558402747117914,0.2295219902330014,0.44582611224726326,0.0770873022410109,1.4722326449445826,0.4340478500954622,0.45360360360360363,0.06267739211637267,0.5211711711711711,0.04598346816203703,0.5396396396396396,0.04229439493443424,-0.06756756756756754,0.04796821445756444,-12162162165.412159,34952749070.15983
20b_x3,global,16,uncertainty,30,0.3210955335919162,0.2509095030369976,0.276564936615177,0.03848697038291756,0.7564141480907028,0.10143366269913186,0.4279279279279279,0.05986078050587465,0.5211711711711711,0.04598346816203703,0.5396396396396396,0.04229439493443424,-0.09324324324324322,0.05442999896150202,-12612612617.329279,38528657260.33541
20b_x3,global,32,high_score,30,0.6774544192826265,0.2519371268632317,0.3797796804894909,0.06017057547577347,1.070088155939518,0.2437598506328343,0.4941441441441441,0.050404177621127796,0.5211711711711711,0.04598346816203703,0.5396396396396396,0.04229439493443424,-0.027027027027027025,0.05483667673345297,-1.677777777777781,3.7013344273666933
20b_x3,global,32,random,30,0.8070082249845831,0.02661459386971603,0.21215777137973066,0.017481679944735914,0.6142267961485798,0.03561170624762825,0.5211711711711711,0.04598346816203703,0.5211711711711711,0.04598346816203703,0.5396396396396396,0.04229439493443424,0.0,0.0,0.0,0.0
20b_x3,global,32,route_balanced_random,30,0.8070082249845831,0.02661459386971603,0.21015923673603978,0.01461876625803655,0.6103673064666685,0.030148150117184233,0.5211711711711711,0.04598346816203703,0.5211711711711711,0.04598346816203703,0.5396396396396396,0.04229439493443424,0.0,0.0,0.0,0.0
20b_x3,global,32,top2_margin,30,0.7212974883355485,0.2144523454556094,0.3361761882161318,0.08532622049717743,0.9575717912583123,0.3136151334424837,0.5049549549549549,0.06419353549375806,0.5211711711711711,0.04598346816203703,0.5396396396396396,0.04229439493443424,-0.016216216216216214,0.04163682885870752,-0.8666666666666675,2.276449477195186
20b_x3,global,32,uncertainty,30,0.8070082249845831,0.02661459386971603,0.2609827024614871,0.0247181677725538,0.7178868836642683,0.05526940551280983,0.5211711711711711,0.04598346816203703,0.5211711711711711,0.04598346816203703,0.5396396396396396,0.04229439493443424,0.0,0.0,0.0,0.0
20b_x3,global,64,high_score,30,0.7634616092673715,0.15984482242875817,0.33523114019972,0.04098121636373719,0.8974102132042778,0.10807132273225963,0.5153153153153153,0.05357141890925587,0.5211711711711711,0.04598346816203703,0.5396396396396396,0.04229439493443424,-0.005855855855855853,0.02197995116892945,-0.31666666666666526,1.2280291346525698
20b_x3,global,64,random,30,0.8070082249845831,0.02661459386971603,0.20462093281919402,0.017914982838863287,0.597917564828587,0.037389918961278516,0.5211711711711711,0.04598346816203703,0.5211711711711711,0.04598346816203703,0.5396396396396396,0.04229439493443424,0.0,0.0,0.0,0.0
20b_x3,global,64,route_balanced_random,30,0.8070082249845831,0.02661459386971603,0.20269719533483704,0.012911306584869124,0.5935274722257778,0.02693205655136258,0.5211711711711711,0.04598346816203703,0.5211711711711711,0.04598346816203703,0.5396396396396396,0.04229439493443424,0.0,0.0,0.0,0.0
20b_x3,global,64,top2_margin,30,0.8070082249845831,0.02661459386971603,0.2501611362725995,0.047042677494865265,0.6979081062401844,0.10516354008244505,0.5211711711711711,0.04598346816203703,0.5211711711711711,0.04598346816203703,0.5396396396396396,0.04229439493443424,0.0,0.0,0.0,0.0
20b_x3,global,64,uncertainty,30,0.8070082249845831,0.02661459386971603,0.2389907236596727,0.014419466838601014,0.6706428025541704,0.029428685143119956,0.5211711711711711,0.04598346816203703,0.5211711711711711,0.04598346816203703,0.5396396396396396,0.04229439493443424,0.0,0.0,0.0,0.0
20b_x3,global,128,high_score,30,0.8070082249845831,0.02661459386971603,0.2740908588892859,0.04121677855999285,0.7457581437916984,0.09067646397378852,0.5211711711711711,0.04598346816203703,0.5211711711711711,0.04598346816203703,0.5396396396396396,0.04229439493443424,0.0,0.0,0.0,0.0
20b_x3,global,128,random,30,0.8070082249845831,0.02661459386971603,0.19416139403698565,0.006160251466873278,0.5752190319682523,0.013073876254237287,0.5211711711711711,0.04598346816203703,0.5211711711711711,0.04598346816203703,0.5396396396396396,0.04229439493443424,0.0,0.0,0.0,0.0
20b_x3,global,128,route_balanced_random,30,0.8070082249845831,0.02661459386971603,0.19431315099834942,0.0072601254705477606,0.5754218536376575,0.01513843287351728,0.5211711711711711,0.04598346816203703,0.5211711711711711,0.04598346816203703,0.5396396396396396,0.04229439493443424,0.0,0.0,0.0,0.0
20b_x3,global,128,top2_margin,30,0.8070082249845831,0.02661459386971603,0.2070770239106553,0.01361815917331694,0.6037944251430554,0.028893133162467027,0.5211711711711711,0.04598346816203703,0.5211711711711711,0.04598346816203703,0.5396396396396396,0.04229439493443424,0.0,0.0,0.0,0.0
20b_x3,global,128,uncertainty,30,0.8070082249845831,0.02661459386971603,0.21434483786383268,0.010661312207201679,0.6194313610371999,0.021479259865425617,0.5211711711711711,0.04598346816203703,0.5211711711711711,0.04598346816203703,0.5396396396396396,0.04229439493443424,0.0,0.0,0.0,0.0
20b_x3,global_len,16,high_score,30,0.6767800166402729,0.2057869129905726,0.3918695416559428,0.08802122023259824,1.2035202039696944,0.4453793247665327,0.49864864864864866,0.05386792277836418,0.5211711711711711,0.04598346816203703,0.5396396396396396,0.04229439493443424,-0.022522522522522515,0.020144756554052155,-3153153154.2087064,9671581330.099049
20b_x3,global_len,16,random,30,0.8143864324313361,0.02702815054145379,0.2331626947629756,0.02662224882972725,0.6586758351483669,0.05589765425647453,0.5198198198198197,0.04572460374936763,0.5211711711711711,0.04598346816203703,0.5396396396396396,0.04229439493443424,-0.0013513513513513486,0.004054054054054046,-0.08333333333333279,0.2608745973749735
20b_x3,global_len,16,route_balanced_random,30,0.8135401919641594,0.026492794757793828,0.23665620777533095,0.03432454971861824,0.667158719249218,0.07616527312098124,0.5207207207207206,0.04664718366125987,0.5211711711711711,0.04598346816203703,0.5396396396396396,0.04229439493443424,-0.0004504504504504514,0.0024257499131236553,-0.03333333333333347,0.17950549357115095
20b_x3,global_len,16,top2_margin,30,0.4268416104618885,0.23630997025462055,0.4463168016272276,0.07660184659896688,1.4736873196242564,0.431882254908813,0.45180180180180174,0.06140186567220043,0.5211711711711711,0.04598346816203703,0.5396396396396396,0.04229439493443424,-0.06936936936936935,0.04703703597191571,-12162162165.478825,34952749070.13663
20b_x3,global_len,16,uncertainty,30,0.6404006951100999,0.17677201469821177,0.2740647916912681,0.03883638804240933,0.7508139431296413,0.10173471863048084,0.45765765765765765,0.046385461844526125,0.5211711711711711,0.04598346816203703,0.5396396396396396,0.04229439493443424,-0.06351351351351349,0.037765374628330045,-6756756760.117864,18046149209.561474
20b_x3,global_len,32,high_score,30,0.5129842819395868,0.2736892869983129,0.37998346294065255,0.06075571625306554,1.0716784813385167,0.24659075906105335,0.4779279279279279,0.04890863130755695,0.5211711711711711,0.04598346816203703,0.5396396396396396,0.04229439493443424,-0.04324324324324323,0.04864864864864864,-5405405407.7942915,17995481400.57807
20b_x3,global_len,32,random,30,0.8163663000242904,0.025962887677207655,0.21394104474561176,0.023573797126187342,0.6178589724323428,0.04957659950010243,0.5193693693693693,0.046509963343392524,0.5211711711711711,0.04598346816203703,0.5396396396396396,0.04229439493443424,-0.0018018018018017981,0.004593711273507004,-0.11111111111111067,0.30225490019411977
20b_x3,global_len,32,route_balanced_random,30,0.8150509721410989,0.02598364113123069,0.21041547320536444,0.01731725064234138,0.6105896534613163,0.0363997335974862,0.5211711711711711,0.04598346816203703,0.5211711711711711,0.04598346816203703,0.5396396396396396,0.04229439493443424,0.0,0.0,0.0,0.0
20b_x3,global_len,32,top2_margin,30,0.7323896361345098,0.2082147423908923,0.33304811226714637,0.08592867322696064,0.9474231711778794,0.3098093659732555,0.504054054054054,0.06482262137952137,0.5211711711711711,0.04598346816203703,0.5396396396396396,0.04229439493443424,-0.017117117117117116,0.04286622433646962,-0.9166666666666677,2.302474514275652
20b_x3,global_len,32,uncertainty,30,0.8280061599035161,0.02943821344085648,0.25701717857092754,0.025290747753796545,0.7094215673394513,0.056015670878389774,0.5094594594594595,0.04401756074297927,0.5211711711711711,0.04598346816203703,0.5396396396396396,0.04229439493443424,-0.011711711711711708,0.013392854727313965,-2702702703.319368,7318953517.462327
20b_x3,global_len,64,high_score,30,0.7915868505298014,0.13455609906857213,0.3278823287518192,0.0418431928112106,0.8775249056872237,0.10828543684321575,0.5126126126126126,0.051034266804571335,0.5211711711711711,0.04598346816203703,0.5396396396396396,0.04229439493443424,-0.00855855855855855,0.01926432863093972,-900900901.4120102,3370862510.4705477
20b_x3,global_len,64,random,30,0.8172286275501546,0.02555516225478669,0.19548647494586086,0.0067559385511583294,0.5784191454081007,0.014287884673086818,0.5211711711711711,0.04598346816203703,0.5211711711711711,0.04598346816203703,0.5396396396396396,0.04229439493443424,0.0,0.0,0.0,0.0
20b_x3,global_len,64,route_balanced_random,30,0.8168497841127685,0.025500791316170373,0.19686252871058574,0.009957696989807703,0.5813485412739113,0.02110977486911927,0.5211711711711711,0.04598346816203703,0.5211711711711711,0.04598346816203703,0.5396396396396396,0.04229439493443424,0.0,0.0,0.0,0.0
20b_x3,global_len,64,top2_margin,30,0.8149785791660448,0.02640996799459798,0.24190882334737088,0.04697085743748969,0.6797443715762879,0.10425997511211989,0.5211711711711711,0.04598346816203703,0.5211711711711711,0.04598346816203703,0.5396396396396396,0.04229439493443424,0.0,0.0,0.0,0.0
20b_x3,global_len,64,uncertainty,30,0.8256259328262197,0.026250904086167554,0.23198655442882424,0.01484474977248292,0.6561511938220977,0.030042158143678582,0.5166666666666666,0.044503501465882486,0.5211711711711711,0.04598346816203703,0.5396396396396396,0.04229439493443424,-0.004504504504504499,0.007263295268737428,-900900901.1286769,3370862510.5462704
20b_x3,global_len,128,high_score,30,0.8252514805316522,0.026258893957914954,0.2597596991511899,0.04123291439003948,0.7145886210694937,0.08879377603785958,0.5184684684684685,0.04433906222424434,0.5211711711711711,0.04598346816203703,0.5396396396396396,0.04229439493443424,-0.002702702702702699,0.009491579957524985,-900900901.0731214,3370862510.561119
20b_x3,global_len,128,random,30,0.81778724686044,0.025889594529054098,0.18994201513017145,0.0075939363377353145,0.5651389415366904,0.015621358881337024,0.5211711711711711,0.04598346816203703,0.5211711711711711,0.04598346816203703,0.5396396396396396,0.04229439493443424,0.0,0.0,0.0,0.0
20b_x3,global_len,128,route_balanced_random,30,0.8174644091738157,0.02589670311208891,0.1882146355690778,0.007398195074287877,0.5613153398238925,0.015582497840376831,0.5211711711711711,0.04598346816203703,0.5211711711711711,0.04598346816203703,0.5396396396396396,0.04229439493443424,0.0,0.0,0.0,0.0
20b_x3,global_len,128,top2_margin,30,0.8173601671818703,0.02583287627311345,0.19848298912085643,0.012331498733442074,0.584985277264426,0.026373282525398428,0.5211711711711711,0.04598346816203703,0.5211711711711711,0.04598346816203703,0.5396396396396396,0.04229439493443424,0.0,0.0,0.0,0.0
20b_x3,global_len,128,uncertainty,30,0.8193658055406015,0.025758394010062097,0.20586079379547156,0.010787741987592699,0.6012077752258314,0.02186887139110017,0.5198198198198197,0.04767970674738465,0.5211711711711711,0.04598346816203703,0.5396396396396396,0.04229439493443424,-0.0013513513513513506,0.004054054054054052,-0.055555555555555435,0.1940472132952547
20b_x3,raw,0,none,120,0.807008224984583,0.02661459386971603,0.18807768722780802,0.0126010179046065,0.5720849356474346,0.038634138179084176,0.5211711711711711,0.04598346816203703,0.5211711711711711,0.04598346816203703,0.5396396396396397,0.04229439493443424,0.0,0.0,0.0,0.0
20b_x3,route_intercept,16,high_score,30,0.7374880665036802,0.13285670455107634,0.39228007315751573,0.08817731276448575,1.2054017753604123,0.44543396831471316,0.5103603603603604,0.05546396963437866,0.5211711711711711,0.04598346816203703,0.5396396396396396,0.04229439493443424,-0.010810810810810806,0.021621621621621612,-0.5055555555555549,1.0169702036253203
20b_x3,route_intercept,16,random,30,0.8070082249845831,0.02661459386971603,0.23522328423832872,0.0211460033150312,0.6623208626611153,0.0440377687063332,0.5211711711711711,0.04598346816203703,0.5211711711711711,0.04598346816203703,0.5396396396396396,0.04229439493443424,0.0,0.0,0.0,0.0
20b_x3,route_intercept,16,route_balanced_random,30,0.8070082249845831,0.02661459386971603,0.23999402697607453,0.039037085132503084,0.6745004039338228,0.08684330550554017,0.5211711711711711,0.04598346816203703,0.5211711711711711,0.04598346816203703,0.5396396396396396,0.04229439493443424,0.0,0.0,0.0,0.0
20b_x3,route_intercept,16,top2_margin,30,0.43558402747117914,0.2295219902330014,0.44582611224726326,0.0770873022410109,1.4722326449445826,0.4340478500954622,0.45360360360360363,0.06267739211637267,0.5211711711711711,0.04598346816203703,0.5396396396396396,0.04229439493443424,-0.06756756756756754,0.04796821445756444,-12162162165.412159,34952749070.15983
20b_x3,route_intercept,16,uncertainty,30,0.3210955335919162,0.2509095030369976,0.276564936615177,0.03848697038291756,0.7564141480907028,0.10143366269913186,0.4279279279279279,0.05986078050587465,0.5211711711711711,0.04598346816203703,0.5396396396396396,0.04229439493443424,-0.09324324324324322,0.05442999896150202,-12612612617.329279,38528657260.33541
20b_x3,route_intercept,32,high_score,30,0.6774544192826265,0.2519371268632317,0.3797796804894909,0.06017057547577347,1.070088155939518,0.2437598506328343,0.4941441441441441,0.050404177621127796,0.5211711711711711,0.04598346816203703,0.5396396396396396,0.04229439493443424,-0.027027027027027025,0.05483667673345297,-1.677777777777781,3.7013344273666933
20b_x3,route_intercept,32,random,30,0.8070082249845831,0.02661459386971603,0.21837158462385403,0.017180225508731117,0.6272051396613191,0.03513544487098277,0.5211711711711711,0.04598346816203703,0.5211711711711711,0.04598346816203703,0.5396396396396396,0.04229439493443424,0.0,0.0,0.0,0.0
20b_x3,route_intercept,32,route_balanced_random,30,0.8070082249845831,0.02661459386971603,0.21515392136750894,0.020453489298906998,0.6205831585093033,0.04239002989371875,0.5211711711711711,0.04598346816203703,0.5211711711711711,0.04598346816203703,0.5396396396396396,0.04229439493443424,0.0,0.0,0.0,0.0
20b_x3,route_intercept,32,top2_margin,30,0.7212974883355485,0.2144523454556094,0.3361761882161318,0.08532622049717743,0.9575717912583123,0.3136151334424837,0.5049549549549549,0.06419353549375806,0.5211711711711711,0.04598346816203703,0.5396396396396396,0.04229439493443424,-0.016216216216216214,0.04163682885870752,-0.8666666666666675,2.276449477195186
20b_x3,route_intercept,32,uncertainty,30,0.8070082249845831,0.02661459386971603,0.2609827024614871,0.0247181677725538,0.7178868836642683,0.05526940551280983,0.5211711711711711,0.04598346816203703,0.5211711711711711,0.04598346816203703,0.5396396396396396,0.04229439493443424,0.0,0.0,0.0,0.0
20b_x3,route_intercept,64,high_score,30,0.7634616092673715,0.15984482242875817,0.33523114019972,0.04098121636373719,0.8974102132042778,0.10807132273225963,0.5153153153153153,0.05357141890925587,0.5211711711711711,0.04598346816203703,0.5396396396396396,0.04229439493443424,-0.005855855855855853,0.02197995116892945,-0.31666666666666526,1.2280291346525698
20b_x3,route_intercept,64,random,30,0.8070082249845831,0.02661459386971603,0.2038345663716676,0.012644554007482831,0.59661617570587,0.026308419956364727,0.5211711711711711,0.04598346816203703,0.5211711711711711,0.04598346816203703,0.5396396396396396,0.04229439493443424,0.0,0.0,0.0,0.0
20b_x3,route_intercept,64,route_balanced_random,30,0.8070082249845831,0.02661459386971603,0.207090534258143,0.014842171761193358,0.6032824943198118,0.030696895001491777,0.5211711711711711,0.04598346816203703,0.5211711711711711,0.04598346816203703,0.5396396396396396,0.04229439493443424,0.0,0.0,0.0,0.0
20b_x3,route_intercept,64,top2_margin,30,0.8070082249845831,0.02661459386971603,0.2501611362725995,0.047042677494865265,0.6979081062401844,0.10516354008244505,0.5211711711711711,0.04598346816203703,0.5211711711711711,0.04598346816203703,0.5396396396396396,0.04229439493443424,0.0,0.0,0.0,0.0
20b_x3,route_intercept,64,uncertainty,30,0.8070082249845831,0.02661459386971603,0.2389907236596727,0.014419466838601014,0.6706428025541704,0.029428685143119956,0.5211711711711711,0.04598346816203703,0.5211711711711711,0.04598346816203703,0.5396396396396396,0.04229439493443424,0.0,0.0,0.0,0.0
20b_x3,route_intercept,128,high_score,30,0.8070082249845831,0.02661459386971603,0.2740908588892859,0.04121677855999285,0.7457581437916984,0.09067646397378852,0.5211711711711711,0.04598346816203703,0.5211711711711711,0.04598346816203703,0.5396396396396396,0.04229439493443424,0.0,0.0,0.0,0.0
20b_x3,route_intercept,128,random,30,0.8070082249845831,0.02661459386971603,0.19527425306962057,0.008008543569549047,0.5776546585125448,0.016989897815900896,0.5211711711711711,0.04598346816203703,0.5211711711711711,0.04598346816203703,0.5396396396396396,0.04229439493443424,0.0,0.0,0.0,0.0
20b_x3,route_intercept,128,route_balanced_random,30,0.8070082249845831,0.02661459386971603,0.19539654891805125,0.008162172035152227,0.5778411508169449,0.017132222080927767,0.5211711711711711,0.04598346816203703,0.5211711711711711,0.04598346816203703,0.5396396396396396,0.04229439493443424,0.0,0.0,0.0,0.0
20b_x3,route_intercept,128,top2_margin,30,0.8070082249845831,0.02661459386971603,0.2070770239106553,0.01361815917331694,0.6037944251430554,0.028893133162467027,0.5211711711711711,0.04598346816203703,0.5211711711711711,0.04598346816203703,0.5396396396396396,0.04229439493443424,0.0,0.0,0.0,0.0
20b_x3,route_intercept,128,uncertainty,30,0.8070082249845831,0.02661459386971603,0.21434483786383268,0.010661312207201679,0.6194313610371999,0.021479259865425617,0.5211711711711711,0.04598346816203703,0.5211711711711711,0.04598346816203703,0.5396396396396396,0.04229439493443424,0.0,0.0,0.0,0.0
20b_x3,route_intercept_len,16,high_score,30,0.6767800166402729,0.2057869129905726,0.3918695416559428,0.08802122023259824,1.2035202039696944,0.4453793247665327,0.49864864864864866,0.05386792277836418,0.5211711711711711,0.04598346816203703,0.5396396396396396,0.04229439493443424,-0.022522522522522515,0.020144756554052155,-3153153154.2087064,9671581330.099049
20b_x3,route_intercept_len,16,random,30,0.8144308753266032,0.02674380490496637,0.2318066139269047,0.03000215398784138,0.6561311151222547,0.06421342451025869,0.5211711711711711,0.04598346816203703,0.5211711711711711,0.04598346816203703,0.5396396396396396,0.04229439493443424,0.0,0.0,0.0,0.0
20b_x3,route_intercept_len,16,route_balanced_random,30,0.8150285654010799,0.025779398941936545,0.2325605508482789,0.021242242515651388,0.657212972171027,0.043804513467728914,0.5220720720720721,0.04542408095839362,0.5211711711711711,0.04598346816203703,0.5396396396396396,0.04229439493443424,0.0009009009009008991,0.0033708625106071474,0.02777777777777776,0.10613873985857109
20b_x3,route_intercept_len,16,top2_margin,30,0.4268416104618885,0.23630997025462055,0.4463168016272276,0.07660184659896688,1.4736873196242564,0.431882254908813,0.45180180180180174,0.06140186567220043,0.5211711711711711,0.04598346816203703,0.5396396396396396,0.04229439493443424,-0.06936936936936935,0.04703703597191571,-12162162165.478825,34952749070.13663
20b_x3,route_intercept_len,16,uncertainty,30,0.6404006951100999,0.17677201469821177,0.2740647916912681,0.03883638804240933,0.7508139431296413,0.10173471863048084,0.45765765765765765,0.046385461844526125,0.5211711711711711,0.04598346816203703,0.5396396396396396,0.04229439493443424,-0.06351351351351349,0.037765374628330045,-6756756760.117864,18046149209.561474
20b_x3,route_intercept_len,32,high_score,30,0.5129842819395868,0.2736892869983129,0.37998346294065255,0.06075571625306554,1.0716784813385167,0.24659075906105335,0.4779279279279279,0.04890863130755695,0.5211711711711711,0.04598346816203703,0.5396396396396396,0.04229439493443424,-0.04324324324324323,0.04864864864864864,-5405405407.7942915,17995481400.57807
20b_x3,route_intercept_len,32,random,30,0.8153586107906214,0.02591220465910707,0.2076075284811113,0.011009195097927789,0.604925720729634,0.022866321162939376,0.5211711711711711,0.04598346816203703,0.5211711711711711,0.04598346816203703,0.5396396396396396,0.04229439493443424,0.0,0.0,0.0,0.0
20b_x3,route_intercept_len,32,route_balanced_random,30,0.8160727384986252,0.026142946440766625,0.2190287512760222,0.02020735565297369,0.6275944266293302,0.0416581613946072,0.5207207207207207,0.04559128262659457,0.5211711711711711,0.04598346816203703,0.5396396396396396,0.04229439493443424,-0.00045045045045044954,0.0024257499131236453,-0.03333333333333333,0.17950549357115012
20b_x3,route_intercept_len,32,top2_margin,30,0.7323896361345098,0.2082147423908923,0.33304811226714637,0.08592867322696064,0.9474231711778794,0.3098093659732555,0.504054054054054,0.06482262137952137,0.5211711711711711,0.04598346816203703,0.5396396396396396,0.04229439493443424,-0.017117117117117116,0.04286622433646962,-0.9166666666666677,2.302474514275652
20b_x3,route_intercept_len,32,uncertainty,30,0.8280061599035161,0.02943821344085648,0.25701717857092754,0.025290747753796545,0.7094215673394513,0.056015670878389774,0.5094594594594595,0.04401756074297927,0.5211711711711711,0.04598346816203703,0.5396396396396396,0.04229439493443424,-0.011711711711711708,0.013392854727313965,-2702702703.319368,7318953517.462327
20b_x3,route_intercept_len,64,high_score,30,0.7915868505298014,0.13455609906857213,0.3278823287518192,0.0418431928112106,0.8775249056872237,0.10828543684321575,0.5126126126126126,0.051034266804571335,0.5211711711711711,0.04598346816203703,0.5396396396396396,0.04229439493443424,-0.00855855855855855,0.01926432863093972,-900900901.4120102,3370862510.4705477
20b_x3,route_intercept_len,64,random,30,0.8170168230838588,0.025956839344179743,0.1988938846967137,0.012071379055830427,0.5853571616647629,0.025334547934496653,0.5211711711711711,0.04598346816203703,0.5211711711711711,0.04598346816203703,0.5396396396396396,0.04229439493443424,0.0,0.0,0.0,0.0
20b_x3,route_intercept_len,64,route_balanced_random,30,0.8165621486622755,0.025764422312057254,0.19502769040788712,0.007068321705538427,0.5768564032904299,0.015247683586732654,0.5211711711711711,0.04598346816203703,0.5211711711711711,0.04598346816203703,0.5396396396396396,0.04229439493443424,0.0,0.0,0.0,0.0
20b_x3,route_intercept_len,64,top2_margin,30,0.8149785791660448,0.02640996799459798,0.24190882334737088,0.04697085743748969,0.6797443715762879,0.10425997511211989,0.5211711711711711,0.04598346816203703,0.5211711711711711,0.04598346816203703,0.5396396396396396,0.04229439493443424,0.0,0.0,0.0,0.0
20b_x3,route_intercept_len,64,uncertainty,30,0.8256259328262197,0.026250904086167554,0.23198655442882424,0.01484474977248292,0.6561511938220977,0.030042158143678582,0.5166666666666666,0.044503501465882486,0.5211711711711711,0.04598346816203703,0.5396396396396396,0.04229439493443424,-0.004504504504504499,0.007263295268737428,-900900901.1286769,3370862510.5462704
20b_x3,route_intercept_len,128,high_score,30,0.8252514805316522,0.026258893957914954,0.2597596991511899,0.04123291439003948,0.7145886210694937,0.08879377603785958,0.5184684684684685,0.04433906222424434,0.5211711711711711,0.04598346816203703,0.5396396396396396,0.04229439493443424,-0.002702702702702699,0.009491579957524985,-900900901.0731214,3370862510.561119
20b_x3,route_intercept_len,128,random,30,0.8175487700790335,0.025586953253447852,0.18910344744265825,0.008816180718262732,0.563164647115382,0.01887771602870173,0.5211711711711711,0.04598346816203703,0.5211711711711711,0.04598346816203703,0.5396396396396396,0.04229439493443424,0.0,0.0,0.0,0.0
20b_x3,route_intercept_len,128,route_balanced_random,30,0.8175329931187278,0.025924028343787445,0.1891650814854966,0.006381309922392727,0.5636669006621985,0.013169311430846941,0.5211711711711711,0.04598346816203703,0.5211711711711711,0.04598346816203703,0.5396396396396396,0.04229439493443424,0.0,0.0,0.0,0.0
20b_x3,route_intercept_len,128,top2_margin,30,0.8173601671818703,0.02583287627311345,0.19848298912085643,0.012331498733442074,0.584985277264426,0.026373282525398428,0.5211711711711711,0.04598346816203703,0.5211711711711711,0.04598346816203703,0.5396396396396396,0.04229439493443424,0.0,0.0,0.0,0.0
20b_x3,route_intercept_len,128,uncertainty,30,0.8193658055406015,0.025758394010062097,0.20586079379547156,0.010787741987592699,0.6012077752258314,0.02186887139110017,0.5198198198198197,0.04767970674738465,0.5211711711711711,0.04598346816203703,0.5396396396396396,0.04229439493443424,-0.0013513513513513506,0.004054054054054052,-0.055555555555555435,0.1940472132952547
all_4route_x3,global,16,high_score,30,0.7540966893361596,0.12834849274966578,0.36941433910527643,0.08659541147908312,1.0660827766377472,0.35573476755266903,0.490990990990991,0.07204391341810723,0.5112612612612613,0.03964219893457982,0.6022522522522523,0.042258398677011325,-0.020270270270270268,0.06239185920812744,-0.22583333333333336,0.7667160310194525
all_4route_x3,global,16,random,30,0.7910842403577394,0.022135719804095875,0.23453679155414436,0.01679487662188238,0.6613454865642628,0.03516767348444148,0.5112612612612613,0.03964219893457982,0.5112612612612613,0.03964219893457982,0.6022522522522523,0.042258398677011325,0.0,0.0,0.0,0.0
all_4route_x3,global,16,route_balanced_random,30,0.7910842403577394,0.022135719804095875,0.23385611780123508,0.023860057006878602,0.6596142073348578,0.0500589764227445,0.5112612612612613,0.03964219893457982,0.5112612612612613,0.03964219893457982,0.6022522522522523,0.042258398677011325,0.0,0.0,0.0,0.0
all_4route_x3,global,16,top2_margin,30,0.694049882420509,0.15765281513174065,0.38070817691751135,0.10379235749264192,1.1804482554694038,0.5241629864401669,0.45720720720720726,0.0995536259407535,0.5112612612612613,0.03964219893457982,0.6022522522522523,0.042258398677011325,-0.05405405405405405,0.08806277505079514,-0.7034126984126984,1.2596195140723234
all_4route_x3,global,16,uncertainty,30,0.5954416611381466,0.2758820660990468,0.2601524910685234,0.02259276429523621,0.7166469739123974,0.054940362686898975,0.4220720720720721,0.11565353693454572,0.5112612612612613,0.03964219893457982,0.6022522522522523,0.042258398677011325,-0.0891891891891892,0.1272281329290791,-1.0340740740740744,1.5900784134815897
all_4route_x3,global,32,high_score,30,0.7910842403577394,0.022135719804095875,0.3716098161194722,0.06014760756088857,1.037130290499802,0.26930682126444827,0.5112612612612613,0.03964219893457982,0.5112612612612613,0.03964219893457982,0.6022522522522523,0.042258398677011325,0.0,0.0,0.0,0.0
all_4route_x3,global,32,random,30,0.7910842403577394,0.022135719804095875,0.21881325126993093,0.01965617675207108,0.6271859169622088,0.0404440610913643,0.5112612612612613,0.03964219893457982,0.5112612612612613,0.03964219893457982,0.6022522522522523,0.042258398677011325,0.0,0.0,0.0,0.0
all_4route_x3,global,32,route_balanced_random,30,0.7693229765023264,0.11262841295079606,0.2158708458698149,0.016517463528729986,0.6214818993850021,0.03391065797105517,0.5040540540540541,0.06491645846017359,0.5112612612612613,0.03964219893457982,0.6022522522522523,0.042258398677011325,-0.007207207207207207,0.0388119986099784,-0.05925925925925927,0.31912087745982254
all_4route_x3,global,32,top2_margin,30,0.7543036524898162,0.12537961407762616,0.3283770666503149,0.0999583706647573,0.9690739708953601,0.425810014131087,0.4896396396396397,0.07181965934808017,0.5112612612612613,0.03964219893457982,0.6022522522522523,0.042258398677011325,-0.021621621621621623,0.06735100429393033,-0.2439814814814815,0.7614158903603724
all_4route_x3,global,32,uncertainty,30,0.575159691953294,0.28208340217278577,0.2582462028443557,0.016011496999080086,0.7112770049265794,0.0358119318107696,0.4166666666666668,0.1265316838731728,0.5112612612612613,0.03964219893457982,0.6022522522522523,0.042258398677011325,-0.09459459459459459,0.12633509072994858,-1.038047138047138,1.5046380139107578
all_4route_x3,global,64,high_score,30,0.7910842403577394,0.022135719804095875,0.3589381960970993,0.04763781714764998,0.9677104974073728,0.1544065291054941,0.5112612612612613,0.03964219893457982,0.5112612612612613,0.03964219893457982,0.6022522522522523,0.042258398677011325,0.0,0.0,0.0,0.0
all_4route_x3,global,64,random,30,0.7910842403577394,0.022135719804095875,0.20517309917944213,0.010552019124733187,0.598241004194685,0.022011022090463055,0.5112612612612613,0.03964219893457982,0.5112612612612613,0.03964219893457982,0.6022522522522523,0.042258398677011325,0.0,0.0,0.0,0.0
all_4route_x3,global,64,route_balanced_random,30,0.7910842403577394,0.022135719804095875,0.21005299081041087,0.019560306552488308,0.6089195958405427,0.04066401248654142,0.5112612612612613,0.03964219893457982,0.5112612612612613,0.03964219893457982,0.6022522522522523,0.042258398677011325,0.0,0.0,0.0,0.0
all_4route_x3,global,64,top2_margin,30,0.7910842403577394,0.022135719804095875,0.24363582790165744,0.05405091313095531,0.687859894691113,0.1341994546195335,0.5112612612612613,0.03964219893457982,0.5112612612612613,0.03964219893457982,0.6022522522522523,0.042258398677011325,0.0,0.0,0.0,0.0
all_4route_x3,global,64,uncertainty,30,0.24935119873839823,0.14965027063794334,0.2564824406826489,0.01282994673288292,0.707061490144842,0.027821413714446474,0.2851351351351352,0.0637049061833434,0.5112612612612613,0.03964219893457982,0.6022522522522523,0.042258398677011325,-0.22612612612612618,0.07073076189690278,-2.631089466089466,1.1662044616834935
all_4route_x3,global,128,high_score,30,0.6544348858942204,0.24772947159094091,0.3520917588856996,0.03876040472943136,0.9386016814904765,0.1049217687376301,0.4522522522522523,0.1031954356868328,0.5112612612612613,0.03964219893457982,0.6022522522522523,0.042258398677011325,-0.05900900900900901,0.10836025400187127,-0.6286026936026936,1.1860554003652877
all_4route_x3,global,128,random,30,0.7910842403577394,0.022135719804095875,0.1988303474924494,0.005712433816988799,0.5846186581931794,0.012231354554388747,0.5112612612612613,0.03964219893457982,0.5112612612612613,0.03964219893457982,0.6022522522522523,0.042258398677011325,0.0,0.0,0.0,0.0
all_4route_x3,global,128,route_balanced_random,30,0.7910842403577394,0.022135719804095875,0.19750938761795078,0.00918321408381949,0.5811433028491405,0.0194785918564269,0.5112612612612613,0.03964219893457982,0.5112612612612613,0.03964219893457982,0.6022522522522523,0.042258398677011325,0.0,0.0,0.0,0.0
all_4route_x3,global,128,top2_margin,30,0.7910842403577394,0.022135719804095875,0.24649860927563644,0.03847686038583466,0.6921983456451801,0.08804933545818504,0.5112612612612613,0.03964219893457982,0.5112612612612613,0.03964219893457982,0.6022522522522523,0.042258398677011325,0.0,0.0,0.0,0.0
all_4route_x3,global,128,uncertainty,30,0.7557679013111718,0.14072244218590846,0.25113670439098496,0.01288297049093799,0.6959873275861524,0.027356166929342406,0.49369369369369376,0.07594332762417154,0.5112612612612613,0.03964219893457982,0.6022522522522523,0.042258398677011325,-0.017567567567567565,0.06685662005727869,-0.16249999999999995,0.618423735529828
all_4route_x3,global_len,16,high_score,30,0.6804401863125094,0.16055398489551106,0.36904762273462255,0.08678218347809846,1.0651168246782967,0.35602606111348234,0.47612612612612604,0.05333797459717346,0.5112612612612613,0.03964219893457982,0.6022522522522523,0.042258398677011325,-0.035135135135135144,0.05479225657490078,-0.441070226070226,0.6484858068014274
all_4route_x3,global_len,16,random,30,0.7932417352277648,0.021760111634739114,0.23626995155110112,0.026007642572602758,0.6655650952511095,0.05637873505580663,0.5081081081081081,0.03925902444955121,0.5112612612612613,0.03964219893457982,0.6022522522522523,0.042258398677011325,-0.0031531531531531526,0.011926308373760103,-0.0422619047619047,0.16869114829990078
all_4route_x3,global_len,16,route_balanced_random,30,0.7907933362550995,0.022167808396407453,0.24115130523435965,0.04120286838685973,0.6777620258054032,0.09443931978717691,0.5085585585585586,0.037979678375191596,0.5112612612612613,0.03964219893457982,0.6022522522522523,0.042258398677011325,-0.002702702702702701,0.013240485096125285,-0.018575036075036033,0.14751724728278084
all_4route_x3,global_len,16,top2_margin,30,0.6943063104218177,0.15759302629380922,0.38154415426920224,0.10355996847086338,1.1827631624485115,0.5230610421495698,0.4612612612612612,0.10171007587318338,0.5112612612612613,0.03964219893457982,0.6022522522522523,0.042258398677011325,-0.05,0.0907285931973461,-0.6553030303030304,1.2885019603786558
all_4route_x3,global_len,16,uncertainty,30,0.6962710755950968,0.13339559050541178,0.25942170466695236,0.022535642117568058,0.7150532971516229,0.054626832261028976,0.4463963963963964,0.07751020678904685,0.5112612612612613,0.03964219893457982,0.6022522522522523,0.042258398677011325,-0.06486486486486485,0.08939370491103367,-0.7714622414622414,1.0391634098465974
all_4route_x3,global_len,32,high_score,30,0.5619694396997439,0.23791741615535603,0.37179524904642236,0.06097883815518424,1.0389442714898136,0.2724901299290581,0.4648648648648649,0.06363320139246954,0.5112612612612613,0.03964219893457982,0.6022522522522523,0.042258398677011325,-0.04639639639639639,0.05907774004274153,-0.6202032227032227,0.831535823895092
all_4route_x3,global_len,32,random,30,0.7938745990551997,0.021701568571812463,0.21436480510811887,0.012569443137749594,0.6187962857440749,0.025974493293706234,0.5045045045045046,0.039372564654796674,0.5112612612612613,0.03964219893457982,0.6022522522522523,0.042258398677011325,-0.0067567567567567545,0.011440022611892154,-0.07896825396825392,0.12281242777596141
all_4route_x3,global_len,32,route_balanced_random,30,0.7939781384766675,0.02185411021332006,0.2149683432132647,0.013309312876228031,0.6197682492868578,0.02723838816562495,0.504054054054054,0.03995828114170286,0.5112612612612613,0.03964219893457982,0.6022522522522523,0.042258398677011325,-0.007207207207207202,0.009702999652494602,-0.08486892736892729,0.10998694889466827
all_4route_x3,global_len,32,top2_margin,30,0.7573390557765035,0.1255731635142949,0.3265438319085703,0.10115185216362906,0.9651431481252735,0.42814523940685634,0.48693693693693696,0.07077807968284118,0.5112612612612613,0.03964219893457982,0.6022522522522523,0.042258398677011325,-0.024324324324324322,0.06724246110607963,-0.28564814814814815,0.7592096020346909
all_4route_x3,global_len,32,uncertainty,30,0.7341272739163641,0.10428486952776328,0.2549481176503256,0.016130096864682465,0.7042723446071534,0.03565297898467195,0.46981981981981985,0.06383218248261191,0.5112612612612613,0.03964219893457982,0.6022522522522523,0.042258398677011325,-0.041441441441441434,0.055161331585014906,-0.485588023088023,0.5851074695520148
all_4route_x3,global_len,64,high_score,30,0.6512512741061386,0.22996283901496223,0.35563846756026013,0.04952159646967252,0.9593721666097186,0.15966704828585943,0.4734234234234234,0.06999976810749212,0.5112612612612613,0.03964219893457982,0.6022522522522523,0.042258398677011325,-0.03783783783783783,0.06568549958038986,-0.5220226070226069,0.8981504712183996
all_4route_x3,global_len,64,random,30,0.7946030125756428,0.021989406484072643,0.20401042379207973,0.008638676680902724,0.5963941496822266,0.017447839115148044,0.5009009009009009,0.039310674286975544,0.5112612612612613,0.03964219893457982,0.6022522522522523,0.042258398677011325,-0.010360360360360357,0.01085763134521977,-0.13164261664261656,0.1598633133081914
all_4route_x3,global_len,64,route_balanced_random,30,0.7944726479642334,0.02203182211749809,0.20289533767732026,0.007944130883987132,0.593752594003375,0.016863951395556135,0.5045045045045046,0.038905987174214736,0.5112612612612613,0.03964219893457982,0.6022522522522523,0.042258398677011325,-0.006756756756756756,0.011440022611892158,-0.0832034632034632,0.14056989150785726
all_4route_x3,global_len,64,top2_margin,30,0.7950663965192467,0.022441741720327674,0.23815832101222173,0.05219161471683775,0.6754269165396708,0.129025146499668,0.5004504504504504,0.036840678793860056,0.5112612612612613,0.03964219893457982,0.6022522522522523,0.042258398677011325,-0.010810810810810808,0.014966889843095629,-0.13439514189514185,0.1887089915552053
all_4route_x3,global_len,64,uncertainty,30,0.6857287772999424,0.12213016568520563,0.25224768452552615,0.01290810962420973,0.6981965375731544,0.027586755354287232,0.4355855855855857,0.08817905542750136,0.5112612612612613,0.03964219893457982,0.6022522522522523,0.042258398677011325,-0.07567567567567565,0.07775458510747109,-0.8875408850408848,1.0182930581858993
all_4route_x3,global_len,128,high_score,30,0.5806851780461705,0.27184088777080484,0.3500901102434829,0.03948292537312784,0.9332443832648935,0.10745507041472811,0.43963963963963953,0.10512397942929601,0.5112612612612613,0.03964219893457982,0.6022522522522523,0.042258398677011325,-0.07162162162162163,0.0930471891086595,-0.9346945646945645,1.2118214596470147
all_4route_x3,global_len,128,random,30,0.7950402804391236,0.02181265232505355,0.19792664403772137,0.009804872663150393,0.5816402443962435,0.02100377780663514,0.49639639639639643,0.03899974922867273,0.5112612612612613,0.03964219893457982,0.6022522522522523,0.042258398677011325,-0.014864864864864859,0.00945945945945946,-0.17969937469937458,0.13636982303896142
all_4route_x3,global_len,128,route_balanced_random,30,0.7950009046590021,0.02182791116203916,0.19630704253499767,0.008215317875615859,0.5786030145068713,0.01680513419104649,0.4954954954954955,0.03937256465479667,0.5112612612612613,0.03964219893457982,0.6022522522522523,0.042258398677011325,-0.01576576576576576,0.010515871648584462,-0.19390572390572383,0.15701609643672151
all_4route_x3,global_len,128,top2_margin,30,0.7944089779155789,0.02206247335776222,0.2384294062148405,0.03819792860683106,0.6747855032105143,0.08725039761579412,0.5018018018018019,0.038019725848665205,0.5112612612612613,0.03964219893457982,0.6022522522522523,0.042258398677011325,-0.009459459459459453,0.009329871701445032,-0.1130988455988455,0.1052537093443805
all_4route_x3,global_len,128,uncertainty,30,0.7961558247056498,0.023037775619391625,0.24680459792008178,0.012990533331257121,0.686895724490576,0.02725063942995271,0.5036036036036036,0.04186039695671691,0.5112612612612613,0.03964219893457982,0.6022522522522523,0.042258398677011325,-0.007657657657657655,0.022527026576666644,-0.1293374218374218,0.26751375963126417
all_4route_x3,raw,0,none,120,0.7910842403577393,0.022135719804095875,0.2019822522182308,0.009660181118933872,0.6161215396764184,0.03146835150806499,0.5112612612612611,0.03964219893457981,0.5112612612612611,0.03964219893457981,0.6022522522522522,0.04225839867701133,0.0,0.0,0.0,0.0
all_4route_x3,route_intercept,16,high_score,30,0.5212629165278361,0.09061985099454778,0.379073453400118,0.07974138228558389,1.097090296954127,0.34189292629334317,0.441891891891892,0.07228150875846666,0.5112612612612613,0.03964219893457982,0.6022522522522523,0.042258398677011325,-0.06936936936936935,0.06663622387469312,-0.8253306878306875,0.8731932785315547
all_4route_x3,route_intercept,16,random,30,0.6766272417408178,0.06374632125216885,0.24866840927317185,0.026228591554994768,0.6919322232168913,0.057699790926651943,0.5274774774774774,0.055879463189066066,0.5112612612612613,0.03964219893457982,0.6022522522522523,0.042258398677011325,0.016216216216216214,0.03478690914650058,0.16031265031265027,0.3462598712296717
all_4route_x3,route_intercept,16,route_balanced_random,30,0.6998287350222729,0.05642551551702427,0.24021672423307544,0.02578248235248207,0.6752612209895549,0.06257011260121129,0.5306306306306305,0.04896460627640069,0.5112612612612613,0.03964219893457982,0.6022522522522523,0.042258398677011325,0.019369369369369362,0.0375282270735875,0.20574675324675312,0.398933061771996
all_4route_x3,route_intercept,16,top2_margin,30,0.6476378405629469,0.11793781491204171,0.38609660803774676,0.10095367142263967,1.2043849791302508,0.5121490014547126,0.4792792792792792,0.11570878816578249,0.5112612612612613,0.03964219893457982,0.6022522522522523,0.042258398677011325,-0.031981981981981975,0.10580217155101455,-0.4981661856661857,1.3988815688510754
all_4route_x3,route_intercept,16,uncertainty,30,0.5323905494531173,0.09082922471997269,0.26713708525440133,0.025762547797530292,0.7345045098322732,0.06676306961044041,0.4851351351351351,0.07559116903214591,0.5112612612612613,0.03964219893457982,0.6022522522522523,0.042258398677011325,-0.026126126126126123,0.08373533424305053,-0.3719877344877344,1.152897538936164
all_4route_x3,route_intercept,32,high_score,30,0.47763973111618957,0.09302169214927664,0.3828044913540753,0.058130686813685474,1.09361496671544,0.2696495825132059,0.42747747747747744,0.0870535557275408,0.5112612612612613,0.03964219893457982,0.6022522522522523,0.042258398677011325,-0.08378378378378377,0.07789537413051276,-1.0092845117845117,0.9356926746332467
all_4route_x3,route_intercept,32,random,30,0.7344657476119772,0.04911043060166768,0.2291779204348375,0.019776148599300967,0.6497116227040807,0.04240179888161056,0.5279279279279279,0.04561797802224203,0.5112612612612613,0.03964219893457982,0.6022522522522523,0.042258398677011325,0.016666666666666673,0.030354478538435037,0.15651515151515155,0.32489497161186764
all_4route_x3,route_intercept,32,route_balanced_random,30,0.7313316044600601,0.04130368840119123,0.22181066109057285,0.017674743440871863,0.6339434679318435,0.03825305773107575,0.5396396396396397,0.0507951544468845,0.5112612612612613,0.03964219893457982,0.6022522522522523,0.042258398677011325,0.028378378378378376,0.0359825052856604,0.2962265512265513,0.40160462595911284
all_4route_x3,route_intercept,32,top2_margin,30,0.6988747110711435,0.1015620661439348,0.3320240822919758,0.10062660137027526,0.9914345103579574,0.4312800402170525,0.5220720720720721,0.07120679915628787,0.5112612612612613,0.03964219893457982,0.6022522522522523,0.042258398677011325,0.010810810810810815,0.0682309774009423,0.07521765271765274,0.8212738469431602
all_4route_x3,route_intercept,32,uncertainty,30,0.5317889798068831,0.06015189204441942,0.26553735003240697,0.016858920728082226,0.729362592897768,0.039721725132923984,0.47747747747747754,0.06632490925876021,0.5112612612612613,0.03964219893457982,0.6022522522522523,0.042258398677011325,-0.03378378378378377,0.07131499892950681,-0.38553992303992296,0.7559524338660663
all_4route_x3,route_intercept,64,high_score,30,0.4875861210310391,0.07170300650398057,0.36734595516725604,0.04918653858653727,1.0085673408971672,0.17089658279454792,0.44549549549549555,0.08712345207409261,0.5112612612612613,0.03964219893457982,0.6022522522522523,0.042258398677011325,-0.06576576576576576,0.07893043644616039,-0.8017664742664741,0.951180210225532
all_4route_x3,route_intercept,64,random,30,0.7708059828455949,0.03286351795934455,0.21022628171175084,0.010071002214323553,0.6084008941519493,0.021736615265172714,0.5346846846846847,0.05040417762112782,0.5112612612612613,0.03964219893457982,0.6022522522522523,0.042258398677011325,0.02342342342342342,0.030404571226461622,0.2350204425204425,0.32011712744005694
all_4route_x3,route_intercept,64,route_balanced_random,30,0.7720898138950169,0.02865896573721922,0.20892161056027878,0.013060256161218833,0.6055849197645747,0.0274337047430987,0.5333333333333333,0.04240937764302637,0.5112612612612613,0.03964219893457982,0.6022522522522523,0.042258398677011325,0.022072072072072072,0.027359071421730122,0.23327561327561325,0.279142533529198
all_4route_x3,route_intercept,64,top2_margin,30,0.7474966768848199,0.047286364993263996,0.24695669827157268,0.05381516301466942,0.6965775576971567,0.1383859567980858,0.5369369369369369,0.04871533634088567,0.5112612612612613,0.03964219893457982,0.6022522522522523,0.042258398677011325,0.025675675675675674,0.035642559021979006,0.25356661856661855,0.42326274543302944
all_4route_x3,route_intercept,64,uncertainty,30,0.4515933345340304,0.0347310801319945,0.25941254646938605,0.015438201288913952,0.7160030481796563,0.03703508327558116,0.4779279279279278,0.07281291533483929,0.5112612612612613,0.03964219893457982,0.6022522522522523,0.042258398677011325,-0.03333333333333333,0.06374152414886027,-0.45453463203463207,0.8049399688252079
all_4route_x3,route_intercept,128,high_score,30,0.45273387182714864,0.06216365247687412,0.3577917502350301,0.04005501596549847,0.9628697897580462,0.11599186843818438,0.41711711711711713,0.07199320008651187,0.5112612612612613,0.03964219893457982,0.6022522522522523,0.042258398677011325,-0.09414414414414414,0.05749025529407659,-1.1307515632515632,0.7167675587546446
all_4route_x3,route_intercept,128,random,30,0.7806979767366878,0.02532059054877333,0.20091019863572562,0.007906173428236372,0.5886465767937177,0.017017900808029337,0.5396396396396396,0.047705233495040446,0.5112612612612613,0.03964219893457982,0.6022522522522523,0.042258398677011325,0.028378378378378376,0.025485306594262395,0.30174001924001914,0.273115567504102
all_4route_x3,route_intercept,128,route_balanced_random,30,0.7780937315227171,0.023414354494426994,0.20031072269015285,0.008164543283925747,0.5869232786040457,0.01768680677528666,0.5342342342342342,0.04094889433284148,0.5112612612612613,0.03964219893457982,0.6022522522522523,0.042258398677011325,0.022972972972972967,0.0275069993527424,0.25912337662337653,0.3162834206349783
all_4route_x3,route_intercept,128,top2_margin,30,0.7562026375293578,0.03336814490935596,0.2549726407355251,0.040129983974323734,0.7129518378056161,0.0955385009203244,0.5369369369369369,0.042438074642572515,0.5112612612612613,0.03964219893457982,0.6022522522522523,0.042258398677011325,0.025675675675675677,0.02426168109818959,0.28410413660413664,0.2759136634768047
all_4route_x3,route_intercept,128,uncertainty,30,0.568149885362532,0.0821579373803968,0.2538175317284592,0.013656884907991742,0.702591826223602,0.029944832453161162,0.5346846846846847,0.04805485124508915,0.5112612612612613,0.03964219893457982,0.6022522522522523,0.042258398677011325,0.023423423423423417,0.048086508630927983,0.18547859547859546,0.5584931020951266
all_4route_x3,route_intercept_len,16,high_score,30,0.507784981882641,0.07811771287512627,0.3789265571727172,0.07980295294477309,1.0967149935631972,0.34201318260678326,0.44639639639639644,0.06475998778706141,0.5112612612612613,0.03964219893457982,0.6022522522522523,0.042258398677011325,-0.06486486486486485,0.06087584110459873,-0.7411640211640209,0.6909237582249866
all_4route_x3,route_intercept_len,16,random,30,0.6995145477785544,0.07156014538977536,0.2523131916369952,0.03705025609091415,0.7033663541515885,0.08820719829285706,0.5207207207207207,0.06374152414886028,0.5112612612612613,0.03964219893457982,0.6022522522522523,0.042258398677011325,0.009459459459459455,0.047987245688012714,0.050948773448773375,0.44631009297965013
all_4route_x3,route_intercept_len,16,route_balanced_random,30,0.6773843736899562,0.0760590012969717,0.2503562696749135,0.04809208567221885,0.7163531378549344,0.2092793374559384,0.5180180180180181,0.05862781767035655,0.5112612612612613,0.03964219893457982,0.6022522522522523,0.042258398677011325,0.0067567567567567615,0.05990313583595,0.009083694083694064,0.7628732526911397
all_4route_x3,route_intercept_len,16,top2_margin,30,0.6477796058628973,0.11866975026853015,0.38662600761744087,0.10089907023402743,1.2061654752048194,0.5114206589523934,0.4788288288288288,0.11549553063203076,0.5112612612612613,0.03964219893457982,0.6022522522522523,0.042258398677011325,-0.03243243243243243,0.10575133808926405,-0.5048328523328524,1.397920950346592
all_4route_x3,route_intercept_len,16,uncertainty,30,0.5586286514521128,0.051142552393630865,0.2663908650444062,0.025676053491348293,0.7328329161772121,0.06638584644233618,0.4864864864864865,0.06319163213243308,0.5112612612612613,0.03964219893457982,0.6022522522522523,0.042258398677011325,-0.024774774774774775,0.06602595697573894,-0.35229196729196727,0.8793731656124201
all_4route_x3,route_intercept_len,32,high_score,30,0.44882519637597434,0.06767217825393486,0.3835403480557539,0.0590052498462648,1.0977559409545703,0.27369162663106705,0.4130630630630631,0.07577883359362295,0.5112612612612613,0.03964219893457982,0.6022522522522523,0.042258398677011325,-0.09819819819819818,0.06934011317078868,-1.1903956228956227,0.8692423366718088
all_4route_x3,route_intercept_len,32,random,30,0.7526467246220798,0.04271654759328075,0.21650689996294517,0.014768580601414567,0.6227613863634895,0.031585390512625766,0.5256756756756755,0.04901637795686982,0.5112612612612613,0.03964219893457982,0.6022522522522523,0.042258398677011325,0.01441441441441441,0.04022903344462361,0.13498075998075987,0.45318846526218226
all_4route_x3,route_intercept_len,32,route_balanced_random,30,0.7126568952327792,0.06583688299427377,0.23080323766380376,0.02362777886182682,0.6546718036388693,0.05463053710822111,0.5310810810810811,0.05384531769017687,0.5112612612612613,0.03964219893457982,0.6022522522522523,0.042258398677011325,0.019819819819819815,0.033600101259408134,0.21172198172198162,0.400146630762349
all_4route_x3,route_intercept_len,32,top2_margin,30,0.7041065395611816,0.09987584404339042,0.32989062703700084,0.10193147585599509,0.9864541399446735,0.4339458811514031,0.522972972972973,0.07151956012107698,0.5112612612612613,0.03964219893457982,0.6022522522522523,0.042258398677011325,0.011711711711711719,0.06763360136621069,0.0925721500721501,0.8224006878277325
all_4route_x3,route_intercept_len,32,uncertainty,30,0.5774497461455405,0.03483931503636374,0.262473385068935,0.016948233492470904,0.722652783521912,0.039511201570506096,0.490990990990991,0.05662074364854292,0.5112612612612613,0.03964219893457982,0.6022522522522523,0.042258398677011325,-0.02027027027027027,0.05480891835317092,-0.2494023569023568,0.6269673187037113
all_4route_x3,route_intercept_len,64,high_score,30,0.5056661670560179,0.0863845760042032,0.36439831279052176,0.0513984494470779,1.0013215766363115,0.17783754189719425,0.43873873873873875,0.08415591097770626,0.5112612612612613,0.03964219893457982,0.6022522522522523,0.042258398677011325,-0.07252252252252252,0.07479241081504416,-0.9144660894660893,0.9633404847296292
all_4route_x3,route_intercept_len,64,random,30,0.7736926685090196,0.029973443535086235,0.20649337256141187,0.009021997257336828,0.6002253780286902,0.018852905661753884,0.5364864864864866,0.054630930732019384,0.5112612612612613,0.03964219893457982,0.6022522522522523,0.042258398677011325,0.025225225225225224,0.032307065003677665,0.25808922558922553,0.34311636438465637
all_4route_x3,route_intercept_len,64,route_balanced_random,30,0.7786065998653837,0.0292394002498008,0.2051784186311972,0.00974644415329131,0.5975598631756185,0.020071876514852125,0.5355855855855854,0.04364723079912524,0.5112612612612613,0.03964219893457982,0.6022522522522523,0.042258398677011325,0.02432432432432432,0.032244198501213114,0.25168590668590657,0.3560234949557531
all_4route_x3,route_intercept_len,64,top2_margin,30,0.761516081718916,0.04206168971655212,0.24119562360185223,0.052577476248056636,0.6833540066592257,0.13479032807603034,0.5382882882882883,0.04873407581231448,0.5112612612612613,0.03964219893457982,0.6022522522522523,0.042258398677011325,0.02702702702702703,0.03418678551533383,0.2641618566618567,0.4014313645988108
all_4route_x3,route_intercept_len,64,uncertainty,30,0.5917600664764552,0.04236824534532394,0.2547810929036495,0.015698296247886698,0.7059847851293863,0.03699999708343226,0.5207207207207207,0.06020552953731033,0.5112612612612613,0.03964219893457982,0.6022522522522523,0.042258398677011325,0.009459459459459455,0.0479872456880127,0.06944805194805187,0.5827408688416287
all_4route_x3,route_intercept_len,128,high_score,30,0.4958758714564745,0.06943624161833532,0.35511518355719124,0.04080889717883438,0.9553613229682903,0.11856849756036028,0.43153153153153156,0.06934011317078867,0.5112612612612613,0.03964219893457982,0.6022522522522523,0.042258398677011325,-0.07972972972972973,0.05986247529446817,-0.9677886002886,0.7820852659887246
all_4route_x3,route_intercept_len,128,random,30,0.7941486861909318,0.025965670210822574,0.1966696796414235,0.008730359624916462,0.579098044207852,0.018427949096401105,0.5288288288288288,0.039741882883086076,0.5112612612612613,0.03964219893457982,0.6022522522522523,0.042258398677011325,0.017567567567567565,0.023445069693104694,0.17840428090428093,0.2368282284752056
all_4route_x3,route_intercept_len,128,route_balanced_random,30,0.7945275870962518,0.021391460318448484,0.19712905668113823,0.009209051474340936,0.579708014709212,0.019577053122263544,0.5337837837837839,0.05041222812071935,0.5112612612612613,0.03964219893457982,0.6022522522522523,0.042258398677011325,0.02252252252252253,0.027101998119804186,0.2497667147667148,0.31757601863300794
all_4route_x3,route_intercept_len,128,top2_margin,30,0.7674617199794059,0.03315651856560116,0.24645139432924518,0.04045324108710889,0.6937089457692598,0.09542399755675277,0.536036036036036,0.03968056855053196,0.5112612612612613,0.03964219893457982,0.6022522522522523,0.042258398677011325,0.024774774774774775,0.023427754277379885,0.2732178932178932,0.26916660868751346
all_4route_x3,route_intercept_len,128,uncertainty,30,0.6516129435414294,0.03305359989834113,0.24798995983631025,0.014009851598224344,0.6900424260138469,0.03025317969538741,0.5563063063063063,0.04231597799111697,0.5112612612612613,0.03964219893457982,0.6022522522522523,0.042258398677011325,0.045045045045045036,0.03068357903770523,0.47516835016835,0.35350193473374847
