tau,mean_reward,mean_cost,choose_20b,escalate_120b
-1,0.3881118881118881,0.0030106595979020982,286,0
-0.09375,0.3881118881118881,0.0030106595979020982,286,0
-0.0927734375,0.3881118881118881,0.0030106595979020982,286,0
-0.091796875,0.3881118881118881,0.0030106595979020982,286,0
-0.09130859375,0.3881118881118881,0.0030106595979020982,286,0
-0.0908203125,0.3881118881118881,0.0030106595979020982,286,0
-0.08935546875,0.3881118881118881,0.0030106595979020982,286,0
-0.087890625,0.3881118881118881,0.0030106595979020982,286,0
-0.0869140625,0.3881118881118881,0.0030106595979020982,286,0
-0.0859375,0.3881118881118881,0.0030106595979020982,286,0
-0.085693359375,0.3881118881118881,0.0030106595979020982,286,0
-0.08544921875,0.3881118881118881,0.0030106595979020982,286,0
-0.0849609375,0.3881118881118881,0.0030106595979020982,286,0
-0.08447265625,0.3881118881118881,0.0030106595979020982,286,0
-0.083984375,0.3881118881118881,0.0030106595979020982,286,0
-0.08349609375,0.3881118881118881,0.0030106595979020982,286,0
-0.0791015625,0.3881118881118881,0.0030106595979020982,286,0
-0.07470703125,0.3881118881118881,0.0030481747027972027,285,1
-0.072509765625,0.3881118881118881,0.0030481747027972027,285,1
-0.0703125,0.3881118881118881,0.0030481747027972027,285,1
-0.06689453125,0.3881118881118881,0.0031523141433566436,283,3
-0.0634765625,0.3881118881118881,0.0031967563111888106,282,4
-0.0628662109375,0.3881118881118881,0.0031967563111888106,282,4
-0.062255859375,0.3881118881118881,0.0031967563111888106,282,4
-0.0615234375,0.3881118881118881,0.0031967563111888106,282,4
-0.060791015625,0.3881118881118881,0.0031967563111888106,282,4
-0.0606689453125,0.3881118881118881,0.0031967563111888106,282,4
-0.060546875,0.3881118881118881,0.0031967563111888106,282,4
-0.0601806640625,0.3881118881118881,0.0031967563111888106,282,4
-0.059814453125,0.3881118881118881,0.0031967563111888106,282,4
-0.0596923828125,0.3881118881118881,0.0031967563111888106,282,4
-0.0595703125,0.3881118881118881,0.0031967563111888106,282,4
-0.0594482421875,0.3881118881118881,0.0031967563111888106,282,4
-0.059326171875,0.3881118881118881,0.0031967563111888106,282,4
-0.0584716796875,0.3881118881118881,0.0031967563111888106,282,4
-0.0576171875,0.3881118881118881,0.0031967563111888106,282,4
-0.057373046875,0.3881118881118881,0.0031967563111888106,282,4
-0.05712890625,0.3881118881118881,0.0031967563111888106,282,4
-0.056640625,0.3881118881118881,0.0031967563111888106,282,4
-0.05615234375,0.3881118881118881,0.0031967563111888106,282,4
-0.0557861328125,0.3881118881118881,0.0031967563111888106,282,4
-0.055419921875,0.3881118881118881,0.0031967563111888106,282,4
-0.0550537109375,0.3881118881118881,0.0031967563111888106,282,4
-0.0546875,0.3881118881118881,0.0031967563111888106,282,4
-0.0543212890625,0.3881118881118881,0.003244039353146853,281,5
-0.053955078125,0.3881118881118881,0.003244039353146853,281,5
-0.0538330078125,0.3881118881118881,0.003244039353146853,281,5
-0.0537109375,0.3881118881118881,0.003244039353146853,281,5
-0.0535888671875,0.3881118881118881,0.003244039353146853,281,5
-0.053466796875,0.3881118881118881,0.003244039353146853,281,5
-0.05322265625,0.3881118881118881,0.003244039353146853,281,5
-0.052978515625,0.3881118881118881,0.003244039353146853,281,5
-0.052490234375,0.3881118881118881,0.003244039353146853,281,5
-0.052001953125,0.3881118881118881,0.003244039353146853,281,5
-0.0517578125,0.3881118881118881,0.003244039353146853,281,5
-0.051513671875,0.3881118881118881,0.003244039353146853,281,5
-0.0513916015625,0.3881118881118881,0.003244039353146853,281,5
-0.05126953125,0.3881118881118881,0.003244039353146853,281,5
-0.05029296875,0.3881118881118881,0.003244039353146853,281,5
-0.04931640625,0.3881118881118881,0.003244039353146853,281,5
-0.0489501953125,0.3881118881118881,0.003244039353146853,281,5
-0.048583984375,0.3881118881118881,0.003244039353146853,281,5
-0.0484619140625,0.3881118881118881,0.003244039353146853,281,5
-0.04833984375,0.3881118881118881,0.003244039353146853,281,5
-0.0482177734375,0.3881118881118881,0.003244039353146853,281,5
-0.048095703125,0.3881118881118881,0.003244039353146853,281,5
-0.04736328125,0.3881118881118881,0.003244039353146853,281,5
-0.046630859375,0.3881118881118881,0.003244039353146853,281,5
-0.0465087890625,0.3881118881118881,0.003244039353146853,281,5
-0.04638671875,0.3881118881118881,0.003244039353146853,281,5
-0.0457763671875,0.3881118881118881,0.003244039353146853,281,5
-0.045166015625,0.3881118881118881,0.003244039353146853,281,5
-0.0450439453125,0.3881118881118881,0.003244039353146853,281,5
-0.044921875,0.3881118881118881,0.003244039353146853,281,5
-0.0447998046875,0.3881118881118881,0.003244039353146853,281,5
-0.044677734375,0.3881118881118881,0.003244039353146853,281,5
-0.04443359375,0.3881118881118881,0.003244039353146853,281,5
-0.044189453125,0.3881118881118881,0.003244039353146853,281,5
-0.043701171875,0.3881118881118881,0.003244039353146853,281,5
-0.043212890625,0.3881118881118881,0.003244039353146853,281,5
-0.042724609375,0.3881118881118881,0.003244039353146853,281,5
-0.042236328125,0.3881118881118881,0.003244039353146853,281,5
-0.0416259765625,0.3881118881118881,0.003244039353146853,281,5
-0.041015625,0.3881118881118881,0.0033240508216783216,280,6
-0.0408935546875,0.3881118881118881,0.0033240508216783216,280,6
-0.040771484375,0.3881118881118881,0.0033240508216783216,280,6
-0.0406494140625,0.3881118881118881,0.0033240508216783216,280,6
-0.04052734375,0.3881118881118881,0.0033240508216783216,280,6
-0.0404052734375,0.3881118881118881,0.0033240508216783216,280,6
-0.040283203125,0.3881118881118881,0.0033240508216783216,280,6
-0.0400390625,0.3881118881118881,0.0033240508216783216,280,6
-0.039794921875,0.3881118881118881,0.00335020243006993,279,7
-0.0396728515625,0.3881118881118881,0.00335020243006993,279,7
-0.03955078125,0.3881118881118881,0.00335020243006993,279,7
-0.039306640625,0.3881118881118881,0.00335020243006993,279,7
-0.0390625,0.3881118881118881,0.00335020243006993,279,7
-0.0384521484375,0.3881118881118881,0.00335020243006993,279,7
-0.037841796875,0.3881118881118881,0.00335020243006993,279,7
-0.0374755859375,0.3881118881118881,0.00335020243006993,279,7
-0.037109375,0.3881118881118881,0.0033884958566433566,278,8
-0.0369873046875,0.3881118881118881,0.0033884958566433566,278,8
-0.036865234375,0.3881118881118881,0.0033884958566433566,278,8
-0.036376953125,0.3881118881118881,0.0033884958566433566,278,8
-0.035888671875,0.38461538461538464,0.0034230144230769227,277,9
-0.03564453125,0.38461538461538464,0.0034230144230769227,277,9
-0.035400390625,0.38461538461538464,0.0034230144230769227,277,9
-0.0352783203125,0.38461538461538464,0.0034230144230769227,277,9
-0.03515625,0.38461538461538464,0.0034230144230769227,277,9
-0.0350341796875,0.38461538461538464,0.0034230144230769227,277,9
-0.034912109375,0.38461538461538464,0.0034230144230769227,277,9
-0.03466796875,0.38461538461538464,0.0034230144230769227,277,9
-0.034423828125,0.38461538461538464,0.0034230144230769227,277,9
-0.0341796875,0.38461538461538464,0.0034230144230769227,277,9
-0.033935546875,0.38461538461538464,0.0034230144230769227,277,9
-0.0338134765625,0.38461538461538464,0.0034230144230769227,277,9
-0.03369140625,0.38461538461538464,0.0034230144230769227,277,9
-0.033447265625,0.38461538461538464,0.0034230144230769227,277,9
-0.033203125,0.38461538461538464,0.0034230144230769227,277,9
-0.0330810546875,0.38461538461538464,0.0034230144230769227,277,9
-0.032958984375,0.38461538461538464,0.0034230144230769227,277,9
-0.0325927734375,0.38461538461538464,0.0034969549825174823,276,10
-0.0322265625,0.38461538461538464,0.0035572359965034966,274,12
-0.0321044921875,0.38461538461538464,0.0035572359965034966,274,12
-0.031982421875,0.38461538461538464,0.0035572359965034966,274,12
-0.03173828125,0.38461538461538464,0.0035572359965034966,274,12
-0.031494140625,0.38461538461538464,0.0035572359965034966,274,12
-0.0313720703125,0.38461538461538464,0.0035572359965034966,274,12
-0.03125,0.38461538461538464,0.0035572359965034966,274,12
-0.03118896484375,0.38461538461538464,0.003642384388111888,272,14
-0.0311279296875,0.38461538461538464,0.003642384388111888,272,14
-0.031005859375,0.38461538461538464,0.003642384388111888,272,14
-0.0308837890625,0.38461538461538464,0.003642384388111888,272,14
-0.03070068359375,0.38461538461538464,0.003642384388111888,272,14
-0.030517578125,0.38461538461538464,0.003727221451048951,271,15
-0.03045654296875,0.38461538461538464,0.003727221451048951,271,15
-0.0303955078125,0.38461538461538464,0.003727221451048951,271,15
-0.03033447265625,0.38461538461538464,0.0038057151923076922,270,16
-0.0302734375,0.38461538461538464,0.0038057151923076922,270,16
-0.03021240234375,0.38461538461538464,0.0038057151923076922,270,16
-0.0301513671875,0.38461538461538464,0.0038057151923076922,270,16
-0.03009033203125,0.38461538461538464,0.0038057151923076922,270,16
-0.030029296875,0.38461538461538464,0.0038057151923076922,270,16
-0.0296630859375,0.38461538461538464,0.0038057151923076922,270,16
-0.029296875,0.38461538461538464,0.0038057151923076922,270,16
-0.02923583984375,0.38461538461538464,0.0039204398076923075,269,17
-0.0291748046875,0.38461538461538464,0.0039204398076923075,269,17
-0.02911376953125,0.38461538461538464,0.0039204398076923075,269,17
-0.029052734375,0.38461538461538464,0.0039204398076923075,269,17
-0.0289306640625,0.38461538461538464,0.0039204398076923075,269,17
-0.02880859375,0.38461538461538464,0.0039204398076923075,269,17
-0.02862548828125,0.38461538461538464,0.0039204398076923075,269,17
-0.0284423828125,0.38461538461538464,0.0039204398076923075,269,17
-0.0281982421875,0.38461538461538464,0.004169113583916084,266,20
-0.0279541015625,0.38461538461538464,0.004258620576923077,265,21
-0.02764892578125,0.38461538461538464,0.004290765262237762,264,22
-0.02734375,0.38461538461538464,0.004290765262237762,264,22
-0.0272216796875,0.38461538461538464,0.004290765262237762,264,22
-0.027099609375,0.38461538461538464,0.004290765262237762,264,22
-0.02703857421875,0.38461538461538464,0.004332911381118881,263,23
-0.0269775390625,0.38461538461538464,0.004332911381118881,263,23
-0.02691650390625,0.38461538461538464,0.004332911381118881,263,23
-0.02685546875,0.38461538461538464,0.004332911381118881,263,23
-0.02667236328125,0.38461538461538464,0.004332911381118881,263,23
-0.0264892578125,0.38461538461538464,0.004332911381118881,263,23
-0.02642822265625,0.38461538461538464,0.004365406311188811,262,24
-0.0263671875,0.38461538461538464,0.004365406311188811,262,24
-0.02606201171875,0.38461538461538464,0.004365406311188811,262,24
-0.0257568359375,0.38461538461538464,0.004365406311188811,262,24
-0.025390625,0.38461538461538464,0.0044040499825174825,261,25
-0.0250244140625,0.38461538461538464,0.004541774003496504,260,26
-0.02490234375,0.38461538461538464,0.004541774003496504,260,26
-0.0247802734375,0.38461538461538464,0.004541774003496504,260,26
-0.02471923828125,0.38461538461538464,0.004541774003496504,260,26
-0.024658203125,0.38461538461538464,0.004541774003496504,260,26
-0.02459716796875,0.38461538461538464,0.004541774003496504,260,26
-0.0245361328125,0.38461538461538464,0.004541774003496504,260,26
-0.02447509765625,0.38461538461538464,0.004541774003496504,260,26
-0.0244140625,0.38461538461538464,0.004541774003496504,260,26
-0.02435302734375,0.38461538461538464,0.004541774003496504,260,26
-0.0242919921875,0.38461538461538464,0.004541774003496504,260,26
-0.02410888671875,0.38461538461538464,0.004541774003496504,260,26
-0.02392578125,0.38461538461538464,0.004541774003496504,260,26
-0.02386474609375,0.38461538461538464,0.004541774003496504,260,26
-0.0238037109375,0.38461538461538464,0.004541774003496504,260,26
-0.0233154296875,0.38461538461538464,0.004541774003496504,260,26
-0.0228271484375,0.38461538461538464,0.004541774003496504,260,26
-0.022705078125,0.38461538461538464,0.004541774003496504,260,26
-0.0225830078125,0.38461538461538464,0.004541774003496504,260,26
-0.02252197265625,0.38461538461538464,0.004541774003496504,260,26
-0.0224609375,0.38461538461538464,0.004541774003496504,260,26
-0.02203369140625,0.38461538461538464,0.004541774003496504,260,26
-0.0216064453125,0.38461538461538464,0.004603728409090909,259,27
-0.02154541015625,0.38461538461538464,0.004603728409090909,259,27
-0.021484375,0.38461538461538464,0.004603728409090909,259,27
-0.0213623046875,0.38461538461538464,0.004603728409090909,259,27
-0.021240234375,0.38461538461538464,0.004603728409090909,259,27
-0.02117919921875,0.38461538461538464,0.004603728409090909,259,27
-0.0211181640625,0.38461538461538464,0.004603728409090909,259,27
-0.02105712890625,0.38461538461538464,0.004603728409090909,259,27
-0.02099609375,0.38461538461538464,0.004603728409090909,259,27
-0.020751953125,0.38461538461538464,0.004603728409090909,259,27
-0.0205078125,0.38461538461538464,0.004603728409090909,259,27
-0.02032470703125,0.38461538461538464,0.004603728409090909,259,27
-0.0201416015625,0.38461538461538464,0.004603728409090909,259,27
-0.02008056640625,0.38461538461538464,0.004603728409090909,259,27
-0.02001953125,0.38461538461538464,0.004603728409090909,259,27
-0.0198974609375,0.38461538461538464,0.004603728409090909,259,27
-0.019775390625,0.38461538461538464,0.004603728409090909,259,27
-0.0196533203125,0.38461538461538464,0.004603728409090909,259,27
-0.01953125,0.38461538461538464,0.004603728409090909,259,27
-0.019287109375,0.38461538461538464,0.004603728409090909,259,27
-0.01904296875,0.38461538461538464,0.004603728409090909,259,27
-0.0189208984375,0.38461538461538464,0.004603728409090909,259,27
-0.018798828125,0.38461538461538464,0.004603728409090909,259,27
-0.01861572265625,0.38461538461538464,0.004603728409090909,259,27
-0.0184326171875,0.38461538461538464,0.004603728409090909,259,27
-0.01837158203125,0.38461538461538464,0.004603728409090909,259,27
-0.018310546875,0.38461538461538464,0.004603728409090909,259,27
-0.0181884765625,0.38461538461538464,0.004603728409090909,259,27
-0.01806640625,0.38461538461538464,0.004603728409090909,259,27
-0.0179443359375,0.38461538461538464,0.004603728409090909,259,27
-0.017822265625,0.38461538461538464,0.004603728409090909,259,27
-0.0177001953125,0.38461538461538464,0.004603728409090909,259,27
-0.017578125,0.38461538461538464,0.004677435472027972,258,28
-0.0174560546875,0.38461538461538464,0.004677435472027972,258,28
-0.017333984375,0.38461538461538464,0.004677435472027972,258,28
-0.01690673828125,0.38461538461538464,0.004677435472027972,258,28
-0.0164794921875,0.38461538461538464,0.004677435472027972,258,28
-0.016357421875,0.38461538461538464,0.004677435472027972,258,28
-0.0162353515625,0.38461538461538464,0.004677435472027972,258,28
-0.01617431640625,0.38461538461538464,0.004677435472027972,258,28
-0.01611328125,0.38461538461538464,0.004677435472027972,258,28
-0.0159912109375,0.38461538461538464,0.004677435472027972,258,28
-0.015869140625,0.38461538461538464,0.004677435472027972,258,28
-0.0157470703125,0.38461538461538464,0.004677435472027972,258,28
-0.015625,0.38461538461538464,0.004677435472027972,258,28
-0.015533447265625,0.38461538461538464,0.004677435472027972,258,28
-0.01544189453125,0.38461538461538464,0.004677435472027972,258,28
-0.015380859375,0.38461538461538464,0.004677435472027972,258,28
-0.01531982421875,0.38461538461538464,0.004677435472027972,258,28
-0.015289306640625,0.38461538461538464,0.004677435472027972,258,28
-0.0152587890625,0.38461538461538464,0.004677435472027972,258,28
-0.015045166015625,0.3881118881118881,0.004701057534965035,257,29
-0.01483154296875,0.3881118881118881,0.004701057534965035,257,29
-0.014739990234375,0.3881118881118881,0.004701057534965035,257,29
-0.0146484375,0.3881118881118881,0.004701057534965035,257,29
-0.01458740234375,0.3881118881118881,0.004701057534965035,257,29
-0.0145263671875,0.3881118881118881,0.004701057534965035,257,29
-0.014495849609375,0.3881118881118881,0.004701057534965035,257,29
-0.01446533203125,0.3881118881118881,0.004701057534965035,257,29
-0.014129638671875,0.3881118881118881,0.0047702503321678325,256,30
-0.0137939453125,0.3881118881118881,0.004916613723776224,255,31
-0.01361083984375,0.3881118881118881,0.004937200332167832,254,32
-0.013427734375,0.3881118881118881,0.004937200332167832,254,32
-0.013397216796875,0.3881118881118881,0.004937200332167832,254,32
-0.01336669921875,0.3881118881118881,0.004937200332167832,254,32
-0.013336181640625,0.3881118881118881,0.004937200332167832,254,32
-0.0133056640625,0.3881118881118881,0.004937200332167832,254,32
-0.01324462890625,0.3881118881118881,0.004937200332167832,254,32
-0.01318359375,0.3881118881118881,0.004937200332167832,254,32
-0.01312255859375,0.3881118881118881,0.004937200332167832,254,32
-0.0130615234375,0.3881118881118881,0.004937200332167832,254,32
-0.012908935546875,0.3881118881118881,0.004937200332167832,254,32
-0.01275634765625,0.3881118881118881,0.004937200332167832,254,32
-0.01239013671875,0.3881118881118881,0.004937200332167832,254,32
-0.01202392578125,0.3881118881118881,0.004937200332167832,254,32
-0.011993408203125,0.3881118881118881,0.004937200332167832,254,32
-0.011962890625,0.3881118881118881,0.004937200332167832,254,32
-0.011810302734375,0.3881118881118881,0.004937200332167832,254,32
-0.01165771484375,0.3881118881118881,0.004937200332167832,254,32
-0.01153564453125,0.3881118881118881,0.004937200332167832,254,32
-0.01141357421875,0.3881118881118881,0.004988803059440559,253,33
-0.01123046875,0.3881118881118881,0.004988803059440559,253,33
-0.01104736328125,0.3881118881118881,0.004988803059440559,253,33
-0.010986328125,0.3881118881118881,0.004988803059440559,253,33
-0.01092529296875,0.3881118881118881,0.004988803059440559,253,33
-0.010833740234375,0.3881118881118881,0.004988803059440559,253,33
-0.0107421875,0.3881118881118881,0.004988803059440559,253,33
-0.010711669921875,0.3881118881118881,0.004988803059440559,253,33
-0.01068115234375,0.3881118881118881,0.004988803059440559,253,33
-0.010650634765625,0.3881118881118881,0.004988803059440559,253,33
-0.0106201171875,0.3881118881118881,0.004988803059440559,253,33
-0.010345458984375,0.3881118881118881,0.005007210367132867,252,34
-0.01007080078125,0.3881118881118881,0.005007210367132867,252,34
-0.010040283203125,0.3881118881118881,0.005007210367132867,252,34
-0.010009765625,0.3881118881118881,0.005007210367132867,252,34
-0.009979248046875,0.3881118881118881,0.005007210367132867,252,34
-0.00994873046875,0.3881118881118881,0.005007210367132867,252,34
-0.009918212890625,0.3881118881118881,0.005007210367132867,252,34
-0.0098876953125,0.3881118881118881,0.005007210367132867,252,34
-0.009857177734375,0.3881118881118881,0.005007210367132867,252,34
-0.00982666015625,0.3881118881118881,0.005007210367132867,252,34
-0.009368896484375,0.3881118881118881,0.005007210367132867,252,34
-0.0089111328125,0.3881118881118881,0.005082045996503496,251,35
-0.008697509765625,0.3881118881118881,0.005082045996503496,251,35
-0.00848388671875,0.3881118881118881,0.005082045996503496,251,35
-0.008453369140625,0.3881118881118881,0.005082045996503496,251,35
-0.0084228515625,0.3881118881118881,0.005082045996503496,251,35
-0.008392333984375,0.3881118881118881,0.005082045996503496,251,35
-0.00836181640625,0.3881118881118881,0.005082045996503496,251,35
-0.00823974609375,0.3881118881118881,0.005082045996503496,251,35
-0.00811767578125,0.3881118881118881,0.005130730017482517,250,36
-0.0079498291015625,0.3881118881118881,0.005130730017482517,250,36
-0.007781982421875,0.3881118881118881,0.005130730017482517,250,36
-0.0076446533203125,0.3881118881118881,0.005130730017482517,250,36
-0.00750732421875,0.3881118881118881,0.005130730017482517,250,36
-0.007354736328125,0.3881118881118881,0.005130730017482517,250,36
-0.0072021484375,0.3881118881118881,0.005130730017482517,250,36
-0.00689697265625,0.3881118881118881,0.005130730017482517,250,36
-0.006591796875,0.3881118881118881,0.005130730017482517,250,36
-0.0065460205078125,0.3881118881118881,0.005130730017482517,250,36
-0.006500244140625,0.3881118881118881,0.005130730017482517,250,36
-0.0064697265625,0.3881118881118881,0.005130730017482517,250,36
-0.006439208984375,0.3881118881118881,0.005130730017482517,250,36
-0.0062255859375,0.3881118881118881,0.005130730017482517,250,36
-0.006011962890625,0.3881118881118881,0.005130730017482517,250,36
-0.0059967041015625,0.3881118881118881,0.005130730017482517,250,36
-0.0059814453125,0.3881118881118881,0.005130730017482517,250,36
-0.005889892578125,0.3881118881118881,0.005130730017482517,250,36
-0.00579833984375,0.3881118881118881,0.005130730017482517,250,36
-0.0057830810546875,0.3881118881118881,0.005130730017482517,250,36
-0.005767822265625,0.3881118881118881,0.005130730017482517,250,36
-0.005645751953125,0.3881118881118881,0.0051832667307692305,249,37
-0.005523681640625,0.3881118881118881,0.0051832667307692305,249,37
-0.0055084228515625,0.3881118881118881,0.0051832667307692305,249,37
-0.0054931640625,0.3881118881118881,0.0051832667307692305,249,37
-0.0053863525390625,0.3881118881118881,0.0051832667307692305,249,37
-0.005279541015625,0.3881118881118881,0.0051832667307692305,249,37
-0.005157470703125,0.3881118881118881,0.0051832667307692305,249,37
-0.005035400390625,0.3881118881118881,0.0051832667307692305,249,37
-0.004852294921875,0.3881118881118881,0.0052209375,248,38
-0.004669189453125,0.3881118881118881,0.005244754143356643,247,39
-0.004486083984375,0.3881118881118881,0.005244754143356643,247,39
-0.004302978515625,0.3881118881118881,0.005244754143356643,247,39
-0.004180908203125,0.3916083916083916,0.005381972255244755,245,41
-0.004058837890625,0.3916083916083916,0.005381972255244755,245,41
-0.0039825439453125,0.3916083916083916,0.005381972255244755,245,41
-0.00390625,0.3916083916083916,0.005381972255244755,245,41
-0.00388336181640625,0.3916083916083916,0.005381972255244755,245,41
-0.0038604736328125,0.3916083916083916,0.005381972255244755,245,41
-0.00373077392578125,0.3916083916083916,0.005381972255244755,245,41
-0.00360107421875,0.3916083916083916,0.005381972255244755,245,41
-0.00350189208984375,0.3916083916083916,0.005381972255244755,245,41
-0.0034027099609375,0.3916083916083916,0.005381972255244755,245,41
-0.00334930419921875,0.3916083916083916,0.005381972255244755,245,41
-0.0032958984375,0.3916083916083916,0.005381972255244755,245,41
-0.0032501220703125,0.3916083916083916,0.005381972255244755,245,41
-0.003204345703125,0.3916083916083916,0.005381972255244755,245,41
-0.00310516357421875,0.3916083916083916,0.005381972255244755,245,41
-0.0030059814453125,0.3916083916083916,0.005381972255244755,245,41
-0.00290679931640625,0.3916083916083916,0.005464318688811189,244,42
-0.0028076171875,0.3916083916083916,0.005464318688811189,244,42
-0.0025634765625,0.3916083916083916,0.005464318688811189,244,42
-0.0023193359375,0.3916083916083916,0.005464318688811189,244,42
-0.0023040771484375,0.3916083916083916,0.005464318688811189,244,42
-0.002288818359375,0.3916083916083916,0.005464318688811189,244,42
-0.0021514892578125,0.3916083916083916,0.005464318688811189,244,42
-0.00201416015625,0.3916083916083916,0.005464318688811189,244,42
-0.0019683837890625,0.3916083916083916,0.005464318688811189,244,42
-0.001922607421875,0.3916083916083916,0.005464318688811189,244,42
-0.001918792724609375,0.3916083916083916,0.005464318688811189,244,42
-0.00191497802734375,0.3916083916083916,0.005464318688811189,244,42
-0.001834869384765625,0.3916083916083916,0.005464318688811189,244,42
-0.0017547607421875,0.3916083916083916,0.005464318688811189,244,42
-0.0017242431640625,0.3916083916083916,0.005464318688811189,244,42
-0.0016937255859375,0.3916083916083916,0.005464318688811189,244,42
-0.001598358154296875,0.3916083916083916,0.005464318688811189,244,42
-0.00150299072265625,0.3916083916083916,0.0056059343181818185,243,43
-0.001422882080078125,0.3916083916083916,0.0056059343181818185,243,43
-0.0013427734375,0.3916083916083916,0.0056059343181818185,243,43
-0.00130462646484375,0.3916083916083916,0.0056059343181818185,243,43
-0.0012664794921875,0.3916083916083916,0.0056059343181818185,243,43
-0.0010662078857421875,0.3916083916083916,0.0056059343181818185,243,43
-0.000865936279296875,0.3916083916083916,0.0056059343181818185,243,43
-0.0008258819580078125,0.3916083916083916,0.0056059343181818185,243,43
-0.00078582763671875,0.3916083916083916,0.0056059343181818185,243,43
-0.0005035400390625,0.3951048951048951,0.005848615017482518,241,45
-0.00022125244140625,0.3951048951048951,0.005848615017482518,241,45
-0.00020933151245117188,0.3951048951048951,0.005848615017482518,241,45
-0.00019741058349609375,0.3951048951048951,0.005848615017482518,241,45
-0.00018739700317382812,0.3951048951048951,0.005848615017482518,241,45
-0.0001773834228515625,0.3951048951048951,0.005848615017482518,241,45
-3.4809112548828125e-05,0.3951048951048951,0.005848615017482518,241,45
0,0.3951048951048951,0.005848615017482518,241,45
0.00010776519775390625,0.3986013986013986,0.005860056346153847,240,46
0.00016307830810546875,0.3986013986013986,0.005860056346153847,240,46
0.00021839141845703125,0.3986013986013986,0.005860056346153847,240,46
0.0003161430358886719,0.3986013986013986,0.005860056346153847,240,46
0.0004138946533203125,0.3986013986013986,0.005901579807692308,239,47
0.0005636215209960938,0.3986013986013986,0.005901579807692308,239,47
0.000713348388671875,0.3986013986013986,0.005901579807692308,239,47
0.000732421875,0.3986013986013986,0.005901579807692308,239,47
0.000751495361328125,0.3986013986013986,0.005901579807692308,239,47
0.0008869171142578125,0.3986013986013986,0.005901579807692308,239,47
0.0010223388671875,0.3986013986013986,0.005901579807692308,239,47
0.00103759765625,0.3986013986013986,0.005901579807692308,239,47
0.0010528564453125,0.3986013986013986,0.005901579807692308,239,47
0.0010833740234375,0.3986013986013986,0.005901579807692308,239,47
0.0011138916015625,0.3986013986013986,0.005901579807692308,239,47
0.00131988525390625,0.3986013986013986,0.005901579807692308,239,47
0.00152587890625,0.3986013986013986,0.005901579807692308,239,47
0.001712799072265625,0.3986013986013986,0.005901579807692308,239,47
0.00189971923828125,0.4020979020979021,0.00594886284965035,238,48
0.001934051513671875,0.4020979020979021,0.00594886284965035,238,48
0.0019683837890625,0.4020979020979021,0.00594886284965035,238,48
0.00197601318359375,0.4020979020979021,0.00594886284965035,238,48
0.001983642578125,0.4020979020979021,0.00594886284965035,238,48
0.00202178955078125,0.4020979020979021,0.00594886284965035,238,48
0.0020599365234375,0.4020979020979021,0.00594886284965035,238,48
0.0020751953125,0.4020979020979021,0.00594886284965035,238,48
0.0020904541015625,0.4020979020979021,0.00594886284965035,238,48
0.0022430419921875,0.4020979020979021,0.00594886284965035,238,48
0.0023956298828125,0.4020979020979021,0.00594886284965035,238,48
0.00261688232421875,0.4020979020979021,0.00594886284965035,238,48
0.002838134765625,0.4020979020979021,0.00594886284965035,238,48
0.00292205810546875,0.4020979020979021,0.00594886284965035,238,48
0.0030059814453125,0.4020979020979021,0.00594886284965035,238,48
0.00311279296875,0.4020979020979021,0.00594886284965035,238,48
0.0032196044921875,0.4020979020979021,0.00594886284965035,238,48
0.00328826904296875,0.4020979020979021,0.00594886284965035,238,48
0.00335693359375,0.4020979020979021,0.00594886284965035,238,48
0.00339508056640625,0.4020979020979021,0.00594886284965035,238,48
0.0034332275390625,0.4020979020979021,0.00594886284965035,238,48
0.00347137451171875,0.4020979020979021,0.005994083339160839,237,49
0.003509521484375,0.4020979020979021,0.005994083339160839,237,49
0.00351715087890625,0.4020979020979021,0.005994083339160839,237,49
0.0035247802734375,0.4020979020979021,0.005994083339160839,237,49
0.00354766845703125,0.4020979020979021,0.005994083339160839,237,49
0.003570556640625,0.4020979020979021,0.005994083339160839,237,49
0.003692626953125,0.4020979020979021,0.005994083339160839,237,49
0.003814697265625,0.4020979020979021,0.005994083339160839,237,49
0.0040283203125,0.4020979020979021,0.005994083339160839,237,49
0.004241943359375,0.4020979020979021,0.005994083339160839,237,49
0.0043487548828125,0.4020979020979021,0.005994083339160839,237,49
0.00445556640625,0.4020979020979021,0.005994083339160839,237,49
0.0045318603515625,0.4020979020979021,0.005994083339160839,237,49
0.004608154296875,0.4020979020979021,0.006033077255244755,236,50
0.0046234130859375,0.4020979020979021,0.006033077255244755,236,50
0.004638671875,0.4020979020979021,0.006033077255244755,236,50
0.004730224609375,0.4020979020979021,0.006033077255244755,236,50
0.00482177734375,0.4020979020979021,0.006033077255244755,236,50
0.004913330078125,0.4020979020979021,0.006033077255244755,236,50
0.0050048828125,0.4020979020979021,0.006033077255244755,236,50
0.0050506591796875,0.4020979020979021,0.006033077255244755,236,50
0.005096435546875,0.4020979020979021,0.006033077255244755,236,50
0.00518798828125,0.4020979020979021,0.006033077255244755,236,50
0.005279541015625,0.4020979020979021,0.006033077255244755,236,50
0.0052947998046875,0.4020979020979021,0.006033077255244755,236,50
0.00531005859375,0.4020979020979021,0.006033077255244755,236,50
0.0054931640625,0.4020979020979021,0.006033077255244755,236,50
0.00567626953125,0.4020979020979021,0.006033077255244755,236,50
0.005706787109375,0.4020979020979021,0.006033077255244755,236,50
0.0057373046875,0.4020979020979021,0.006033077255244755,236,50
0.006011962890625,0.4020979020979021,0.006136088129370629,235,51
0.00628662109375,0.4020979020979021,0.006136088129370629,235,51
0.0063323974609375,0.4020979020979021,0.006136088129370629,235,51
0.006378173828125,0.4020979020979021,0.006136088129370629,235,51
0.0064544677734375,0.4020979020979021,0.006136088129370629,235,51
0.00653076171875,0.4020979020979021,0.006136088129370629,235,51
0.0066375732421875,0.4020979020979021,0.006136088129370629,235,51
0.006744384765625,0.4020979020979021,0.006136088129370629,235,51
0.0067596435546875,0.4020979020979021,0.006136088129370629,235,51
0.00677490234375,0.4020979020979021,0.006136088129370629,235,51
0.0070343017578125,0.4020979020979021,0.006136088129370629,235,51
0.007293701171875,0.4020979020979021,0.006136088129370629,235,51
0.0074920654296875,0.4020979020979021,0.006136088129370629,235,51
0.0076904296875,0.4020979020979021,0.006136088129370629,235,51
0.0078125,0.4020979020979021,0.006136088129370629,235,51
0.0079345703125,0.4020979020979021,0.006136088129370629,235,51
0.008026123046875,0.4020979020979021,0.006136088129370629,235,51
0.00811767578125,0.4020979020979021,0.006136088129370629,235,51
0.008148193359375,0.4020979020979021,0.006136088129370629,235,51
0.0081787109375,0.4020979020979021,0.006136088129370629,235,51
0.00823974609375,0.4020979020979021,0.006136088129370629,235,51
0.00830078125,0.4020979020979021,0.0062491004370629375,234,52
0.00836181640625,0.4020979020979021,0.0062491004370629375,234,52
0.0084228515625,0.4020979020979021,0.0062491004370629375,234,52
0.00848388671875,0.4020979020979021,0.0062491004370629375,234,52
0.008544921875,0.4020979020979021,0.0062491004370629375,234,52
0.008880615234375,0.4020979020979021,0.0063198887937062935,233,53
0.00921630859375,0.4020979020979021,0.0063198887937062935,233,53
0.009552001953125,0.4020979020979021,0.0063872914510489515,232,54
0.0098876953125,0.4020979020979021,0.0063872914510489515,232,54
0.009918212890625,0.4020979020979021,0.0063872914510489515,232,54
0.00994873046875,0.4020979020979021,0.0063872914510489515,232,54
0.009979248046875,0.4020979020979021,0.0063872914510489515,232,54
0.010009765625,0.4020979020979021,0.0063872914510489515,232,54
0.010040283203125,0.4020979020979021,0.0063872914510489515,232,54
0.01007080078125,0.4020979020979021,0.0063872914510489515,232,54
0.010223388671875,0.4020979020979021,0.006474813723776223,231,55
0.0103759765625,0.4020979020979021,0.006474813723776223,231,55
0.010406494140625,0.4020979020979021,0.006474813723776223,231,55
0.01043701171875,0.4020979020979021,0.006474813723776223,231,55
0.011260986328125,0.4020979020979021,0.006474813723776223,231,55
0.0120849609375,0.4020979020979021,0.006562063583916085,230,56
0.01214599609375,0.4020979020979021,0.006562063583916085,230,56
0.01220703125,0.4020979020979021,0.006562063583916085,230,56
0.012298583984375,0.4020979020979021,0.006562063583916085,230,56
0.01239013671875,0.4020979020979021,0.006562063583916085,230,56
0.012420654296875,0.4020979020979021,0.006562063583916085,230,56
0.012451171875,0.4020979020979021,0.006562063583916085,230,56
0.0125732421875,0.4020979020979021,0.006562063583916085,230,56
0.0126953125,0.4020979020979021,0.006562063583916085,230,56
0.01275634765625,0.4020979020979021,0.006562063583916085,230,56
0.0128173828125,0.4020979020979021,0.006562063583916085,230,56
0.012908935546875,0.4020979020979021,0.006562063583916085,230,56
0.01300048828125,0.4020979020979021,0.006562063583916085,230,56
0.013275146484375,0.4020979020979021,0.0066389228496503494,229,57
0.0135498046875,0.4020979020979021,0.0066389228496503494,229,57
0.0137939453125,0.4020979020979021,0.0066389228496503494,229,57
0.0140380859375,0.4020979020979021,0.006764310472027971,228,58
0.014068603515625,0.4020979020979021,0.006764310472027971,228,58
0.01409912109375,0.4020979020979021,0.006764310472027971,228,58
0.014251708984375,0.4020979020979021,0.006764310472027971,228,58
0.014404296875,0.4020979020979021,0.006764310472027971,228,58
0.01446533203125,0.4020979020979021,0.006764310472027971,228,58
0.0145263671875,0.4020979020979021,0.006801319667832167,227,59
0.014617919921875,0.4020979020979021,0.006801319667832167,227,59
0.01470947265625,0.4020979020979021,0.006801319667832167,227,59
0.01483154296875,0.4020979020979021,0.006801319667832167,227,59
0.01495361328125,0.4020979020979021,0.006801319667832167,227,59
0.015045166015625,0.4020979020979021,0.006801319667832167,227,59
0.01513671875,0.4020979020979021,0.006801319667832167,227,59
0.0157470703125,0.4020979020979021,0.006801319667832167,227,59
0.016357421875,0.4020979020979021,0.006801319667832167,227,59
0.01641845703125,0.4020979020979021,0.006801319667832167,227,59
0.0164794921875,0.4020979020979021,0.006801319667832167,227,59
0.01654052734375,0.4020979020979021,0.006801319667832167,227,59
0.0166015625,0.4020979020979021,0.006801319667832167,227,59
0.0167236328125,0.4020979020979021,0.006801319667832167,227,59
0.016845703125,0.4020979020979021,0.006801319667832167,227,59
0.01690673828125,0.4020979020979021,0.006827782604895105,226,60
0.0169677734375,0.4020979020979021,0.006827782604895105,226,60
0.01702880859375,0.4020979020979021,0.006850392849650349,225,61
0.01708984375,0.4020979020979021,0.006850392849650349,225,61
0.01715087890625,0.4020979020979021,0.006850392849650349,225,61
0.0172119140625,0.4020979020979021,0.006850392849650349,225,61
0.017333984375,0.4020979020979021,0.006850392849650349,225,61
0.0174560546875,0.40559440559440557,0.006896936486013985,224,62
0.01763916015625,0.40559440559440557,0.006896936486013985,224,62
0.017822265625,0.40559440559440557,0.0070085088986013965,223,63
0.01788330078125,0.40559440559440557,0.0070085088986013965,223,63
0.0179443359375,0.40559440559440557,0.0070085088986013965,223,63
0.01800537109375,0.40559440559440557,0.0070085088986013965,223,63
0.01806640625,0.40559440559440557,0.0070085088986013965,223,63
0.01837158203125,0.40559440559440557,0.0070085088986013965,223,63
0.0186767578125,0.40559440559440557,0.0070085088986013965,223,63
0.018798828125,0.40559440559440557,0.0070085088986013965,223,63
0.0189208984375,0.40559440559440557,0.007149540786713286,221,65
0.01898193359375,0.40559440559440557,0.007149540786713286,221,65
0.01904296875,0.40559440559440557,0.007149540786713286,221,65
0.01910400390625,0.40559440559440557,0.007149540786713286,221,65
0.0191650390625,0.40559440559440557,0.007149540786713286,221,65
0.019287109375,0.40559440559440557,0.007149540786713286,221,65
0.0194091796875,0.40559440559440557,0.007149540786713286,221,65
0.01959228515625,0.40559440559440557,0.007149540786713286,221,65
0.019775390625,0.40559440559440557,0.007196201171328669,220,66
0.01983642578125,0.40559440559440557,0.007196201171328669,220,66
0.0198974609375,0.40559440559440557,0.007196201171328669,220,66
0.01995849609375,0.40559440559440557,0.007196201171328669,220,66
0.02001953125,0.40559440559440557,0.007196201171328669,220,66
0.02008056640625,0.40559440559440557,0.007196201171328669,220,66
0.0201416015625,0.40559440559440557,0.007196201171328669,220,66
0.020263671875,0.40559440559440557,0.007196201171328669,220,66
0.0203857421875,0.40559440559440557,0.007196201171328669,220,66
0.0205078125,0.40559440559440557,0.007196201171328669,220,66
0.0206298828125,0.40559440559440557,0.007196201171328669,220,66
0.020751953125,0.40559440559440557,0.007196201171328669,220,66
0.0208740234375,0.40559440559440557,0.007196201171328669,220,66
0.02093505859375,0.40559440559440557,0.007196201171328669,220,66
0.02099609375,0.40559440559440557,0.007196201171328669,220,66
0.02105712890625,0.40559440559440557,0.00724173298951049,219,67
0.0211181640625,0.40559440559440557,0.00724173298951049,219,67
0.021484375,0.40559440559440557,0.00724173298951049,219,67
0.0218505859375,0.40559440559440557,0.00724173298951049,219,67
0.02197265625,0.40559440559440557,0.00724173298951049,219,67
0.0220947265625,0.40559440559440557,0.00724173298951049,219,67
0.02215576171875,0.40559440559440557,0.00724173298951049,219,67
0.022216796875,0.40559440559440557,0.00724173298951049,219,67
0.0223388671875,0.40559440559440557,0.00724173298951049,219,67
0.0224609375,0.40559440559440557,0.00724173298951049,219,67
0.02252197265625,0.40559440559440557,0.00724173298951049,219,67
0.0225830078125,0.40559440559440557,0.00724173298951049,219,67
0.02264404296875,0.40559440559440557,0.00724173298951049,219,67
0.022705078125,0.40559440559440557,0.00724173298951049,219,67
0.02276611328125,0.40559440559440557,0.00724173298951049,219,67
0.0228271484375,0.40559440559440557,0.00724173298951049,219,67
0.02288818359375,0.40559440559440557,0.007273099353146851,218,68
0.02294921875,0.40559440559440557,0.007273099353146851,218,68
0.0230712890625,0.40559440559440557,0.007273099353146851,218,68
0.023193359375,0.40559440559440557,0.007273099353146851,218,68
0.0233154296875,0.40559440559440557,0.007273099353146851,218,68
0.0234375,0.40559440559440557,0.007273099353146851,218,68
0.02374267578125,0.40559440559440557,0.007328009947552447,216,70
0.0240478515625,0.40559440559440557,0.007328009947552447,216,70
0.02423095703125,0.40559440559440557,0.007328009947552447,216,70
0.0244140625,0.40559440559440557,0.007397552989510489,215,71
0.02447509765625,0.40559440559440557,0.007397552989510489,215,71
0.0245361328125,0.40559440559440557,0.007397552989510489,215,71
0.02471923828125,0.40559440559440557,0.007397552989510489,215,71
0.02490234375,0.40559440559440557,0.007397552989510489,215,71
0.02508544921875,0.40559440559440557,0.007397552989510489,215,71
0.0252685546875,0.40559440559440557,0.007397552989510489,215,71
0.02532958984375,0.40559440559440557,0.007433550367132866,214,72
0.025390625,0.40559440559440557,0.007433550367132866,214,72
0.02545166015625,0.40559440559440557,0.007433550367132866,214,72
0.0255126953125,0.40559440559440557,0.007433550367132866,214,72
0.025634765625,0.40559440559440557,0.007433550367132866,214,72
0.0257568359375,0.40559440559440557,0.007433550367132866,214,72
0.02593994140625,0.40559440559440557,0.007433550367132866,214,72
0.026123046875,0.4020979020979021,0.007486359493006993,213,73
0.02630615234375,0.4020979020979021,0.007486359493006993,213,73
0.0264892578125,0.4020979020979021,0.007486359493006993,213,73
0.02691650390625,0.40559440559440557,0.007498968304195804,212,74
0.02734375,0.40559440559440557,0.007498968304195804,212,74
0.02752685546875,0.40559440559440557,0.007578901940559439,211,75
0.0277099609375,0.40559440559440557,0.007578901940559439,211,75
0.02789306640625,0.40559440559440557,0.007578901940559439,211,75
0.028076171875,0.40559440559440557,0.007578901940559439,211,75
0.02825927734375,0.40559440559440557,0.007671366555944057,210,76
0.0284423828125,0.40559440559440557,0.007693159562937061,209,77
0.02874755859375,0.40559440559440557,0.007693159562937061,209,77
0.029052734375,0.4090909090909091,0.007741026346153845,208,78
0.029296875,0.4090909090909091,0.007789321206293707,207,79
0.029541015625,0.4090909090909091,0.007789321206293707,207,79
0.0301513671875,0.4090909090909091,0.007789321206293707,207,79
0.03076171875,0.4090909090909091,0.007837888479020977,206,80
0.0311279296875,0.4090909090909091,0.00787485875874126,205,81
0.031494140625,0.4090909090909091,0.00787485875874126,205,81
0.0316162109375,0.4090909090909091,0.00787485875874126,205,81
0.03173828125,0.4090909090909091,0.00787485875874126,205,81
0.0318603515625,0.4090909090909091,0.00787485875874126,205,81
0.031982421875,0.4090909090909091,0.00787485875874126,205,81
0.0321044921875,0.4090909090909091,0.00787485875874126,205,81
0.0322265625,0.4090909090909091,0.00787485875874126,205,81
0.032470703125,0.4090909090909091,0.00787485875874126,205,81
0.03271484375,0.4090909090909091,0.00787485875874126,205,81
0.0328369140625,0.4090909090909091,0.00787485875874126,205,81
0.032958984375,0.4090909090909091,0.00787485875874126,205,81
0.0330810546875,0.4090909090909091,0.00787485875874126,205,81
0.033203125,0.4090909090909091,0.00787485875874126,205,81
0.0333251953125,0.4090909090909091,0.00792513833916084,203,83
0.033447265625,0.4090909090909091,0.00792513833916084,203,83
0.0335693359375,0.4090909090909091,0.00792513833916084,203,83
0.03369140625,0.4090909090909091,0.00792513833916084,203,83
0.0338134765625,0.4090909090909091,0.00792513833916084,203,83
0.033935546875,0.4090909090909091,0.00792513833916084,203,83
0.0340576171875,0.4090909090909091,0.00792513833916084,203,83
0.0341796875,0.4090909090909091,0.00792513833916084,203,83
0.0343017578125,0.4090909090909091,0.00792513833916084,203,83
0.034423828125,0.4090909090909091,0.00792513833916084,203,83
0.03466796875,0.4090909090909091,0.00792513833916084,203,83
0.034912109375,0.4090909090909091,0.007976741066433568,202,84
0.0350341796875,0.4090909090909091,0.007976741066433568,202,84
0.03515625,0.4090909090909091,0.007976741066433568,202,84
0.0352783203125,0.4090909090909091,0.007976741066433568,202,84
0.035400390625,0.4090909090909091,0.007976741066433568,202,84
0.0355224609375,0.4090909090909091,0.008041808758741258,201,85
0.03564453125,0.4090909090909091,0.008041808758741258,201,85
0.0360107421875,0.4090909090909091,0.008041808758741258,201,85
0.036376953125,0.4090909090909091,0.008041808758741258,201,85
0.0364990234375,0.4090909090909091,0.008041808758741258,201,85
0.03662109375,0.4090909090909091,0.008041808758741258,201,85
0.037109375,0.4090909090909091,0.008041808758741258,201,85
0.03759765625,0.4090909090909091,0.008041808758741258,201,85
0.0379638671875,0.4125874125874126,0.008086912500000001,200,86
0.038330078125,0.4125874125874126,0.008179299283216784,199,87
0.0384521484375,0.4125874125874126,0.008179299283216784,199,87
0.03857421875,0.4125874125874126,0.008179299283216784,199,87
0.0386962890625,0.4125874125874126,0.008179299283216784,199,87
0.038818359375,0.4125874125874126,0.008179299283216784,199,87
0.0389404296875,0.4125874125874126,0.008179299283216784,199,87
0.0390625,0.4125874125874126,0.008179299283216784,199,87
0.0396728515625,0.4125874125874126,0.008179299283216784,199,87
0.040283203125,0.4125874125874126,0.008179299283216784,199,87
0.0404052734375,0.4125874125874126,0.00834130694055944,198,88
0.04052734375,0.4125874125874126,0.00834130694055944,198,88
0.0408935546875,0.4125874125874126,0.008406763793706293,197,89
0.041259765625,0.4125874125874126,0.008406763793706293,197,89
0.0416259765625,0.4125874125874126,0.008406763793706293,197,89
0.0419921875,0.4125874125874126,0.008406763793706293,197,89
0.042236328125,0.4125874125874126,0.008406763793706293,197,89
0.04248046875,0.4125874125874126,0.008406763793706293,197,89
0.0426025390625,0.4125874125874126,0.008406763793706293,197,89
0.042724609375,0.4125874125874126,0.008406763793706293,197,89
0.0428466796875,0.4125874125874126,0.008406763793706293,197,89
0.04296875,0.4125874125874126,0.008406763793706293,197,89
0.043212890625,0.4125874125874126,0.008451556206293707,196,90
0.04345703125,0.4125874125874126,0.008451556206293707,196,90
0.0435791015625,0.4125874125874126,0.008451556206293707,196,90
0.043701171875,0.4125874125874126,0.008451556206293707,196,90
0.0438232421875,0.4125874125874126,0.008451556206293707,196,90
0.0439453125,0.4125874125874126,0.008451556206293707,196,90
0.044189453125,0.4125874125874126,0.008451556206293707,196,90
0.04443359375,0.4125874125874126,0.008451556206293707,196,90
0.044677734375,0.4125874125874126,0.008451556206293707,196,90
0.044921875,0.4125874125874126,0.008451556206293707,196,90
0.0450439453125,0.4125874125874126,0.008451556206293707,196,90
0.045166015625,0.4125874125874126,0.008451556206293707,196,90
0.0452880859375,0.4125874125874126,0.008451556206293707,196,90
0.04541015625,0.4125874125874126,0.008451556206293707,196,90
0.045654296875,0.4125874125874126,0.008451556206293707,196,90
0.0458984375,0.4125874125874126,0.008494480646853146,195,91
0.0462646484375,0.4125874125874126,0.008494480646853146,195,91
0.046630859375,0.4125874125874126,0.008494480646853146,195,91
0.046875,0.4125874125874126,0.008494480646853146,195,91
0.047119140625,0.4125874125874126,0.008494480646853146,195,91
0.0472412109375,0.4125874125874126,0.008616521486013986,194,92
0.04736328125,0.4125874125874126,0.008616521486013986,194,92
0.047607421875,0.4125874125874126,0.008688905402097902,193,93
0.0478515625,0.4125874125874126,0.008688905402097902,193,93
0.048095703125,0.4125874125874126,0.008688905402097902,193,93
0.04833984375,0.4125874125874126,0.008688905402097902,193,93
0.0484619140625,0.4125874125874126,0.00872996187062937,192,94
0.048583984375,0.4125874125874126,0.00872996187062937,192,94
0.0487060546875,0.4125874125874126,0.00872996187062937,192,94
0.048828125,0.4125874125874126,0.00872996187062937,192,94
0.0489501953125,0.4125874125874126,0.00872996187062937,192,94
0.049072265625,0.4125874125874126,0.00872996187062937,192,94
0.0496826171875,0.4160839160839161,0.00875490708041958,191,95
0.05029296875,0.4195804195804196,0.008814915681818181,190,96
0.0504150390625,0.4195804195804196,0.008814915681818181,190,96
0.050537109375,0.4195804195804196,0.008814915681818181,190,96
0.0506591796875,0.4195804195804196,0.008814915681818181,190,96
0.05078125,0.4195804195804196,0.008814915681818181,190,96
0.0511474609375,0.4195804195804196,0.008814915681818181,190,96
0.051513671875,0.4195804195804196,0.008814915681818181,190,96
0.0516357421875,0.4195804195804196,0.008814915681818181,190,96
0.0517578125,0.4195804195804196,0.008814915681818181,190,96
0.0521240234375,0.4195804195804196,0.008930029458041958,188,98
0.052490234375,0.4195804195804196,0.008930029458041958,188,98
0.0526123046875,0.4195804195804196,0.008930029458041958,188,98
0.052734375,0.4195804195804196,0.008930029458041958,188,98
0.0528564453125,0.4195804195804196,0.008930029458041958,188,98
0.052978515625,0.4195804195804196,0.008930029458041958,188,98
0.05322265625,0.4195804195804196,0.008956064318181819,187,99
0.053466796875,0.4195804195804196,0.008956064318181819,187,99
0.0535888671875,0.4195804195804196,0.008984511975524476,186,100
0.0537109375,0.4195804195804196,0.008984511975524476,186,100
0.053955078125,0.4195804195804196,0.008984511975524476,186,100
0.05419921875,0.4195804195804196,0.008984511975524476,186,100
0.0546875,0.4195804195804196,0.008984511975524476,186,100
0.05517578125,0.4195804195804196,0.00901249263986014,185,101
0.0552978515625,0.4195804195804196,0.00901249263986014,185,101
0.055419921875,0.4195804195804196,0.00901249263986014,185,101
0.0556640625,0.4195804195804196,0.00901249263986014,185,101
0.055908203125,0.4195804195804196,0.00901249263986014,185,101
0.0560302734375,0.4230769230769231,0.00904378117132867,184,102
0.05615234375,0.4230769230769231,0.00904378117132867,184,102
0.0562744140625,0.4230769230769231,0.00904378117132867,184,102
0.056396484375,0.4230769230769231,0.00904378117132867,184,102
0.0565185546875,0.4230769230769231,0.00904378117132867,184,102
0.056640625,0.4230769230769231,0.00904378117132867,184,102
0.056884765625,0.4230769230769231,0.00904378117132867,184,102
0.05712890625,0.4230769230769231,0.00907351305944056,183,103
0.057373046875,0.4230769230769231,0.00907351305944056,183,103
0.0576171875,0.4230769230769231,0.00907351305944056,183,103
0.057861328125,0.4230769230769231,0.009113752290209791,182,104
0.05810546875,0.4230769230769231,0.009113752290209791,182,104
0.0582275390625,0.4230769230769231,0.009113752290209791,182,104
0.058349609375,0.4230769230769231,0.009113752290209791,182,104
0.05859375,0.4230769230769231,0.009113752290209791,182,104
0.058837890625,0.4230769230769231,0.009113752290209791,182,104
0.0589599609375,0.4230769230769231,0.009113752290209791,182,104
0.05908203125,0.4230769230769231,0.009113752290209791,182,104
0.0594482421875,0.4230769230769231,0.009113752290209791,182,104
0.059814453125,0.4230769230769231,0.009113752290209791,182,104
0.06005859375,0.4230769230769231,0.009113752290209791,182,104
0.060302734375,0.4230769230769231,0.009113752290209791,182,104
0.0604248046875,0.4230769230769231,0.009205944493006993,181,105
0.060546875,0.4230769230769231,0.009205944493006993,181,105
0.0606689453125,0.4230769230769231,0.009205944493006993,181,105
0.060791015625,0.4230769230769231,0.009205944493006993,181,105
0.061279296875,0.4195804195804196,0.00922933305944056,180,106
0.061767578125,0.4195804195804196,0.00922933305944056,180,106
0.06201171875,0.4195804195804196,0.00922933305944056,180,106
0.062255859375,0.4195804195804196,0.00922933305944056,180,106
0.0623779296875,0.4195804195804196,0.00922933305944056,180,106
0.0625,0.4195804195804196,0.00922933305944056,180,106
0.062744140625,0.4195804195804196,0.00922933305944056,180,106
0.06298828125,0.4195804195804196,0.00922933305944056,180,106
0.063232421875,0.4195804195804196,0.00922933305944056,180,106
0.0634765625,0.4195804195804196,0.00922933305944056,180,106
0.06396484375,0.4195804195804196,0.00922933305944056,180,106
0.064453125,0.4195804195804196,0.00922933305944056,180,106
0.064697265625,0.4195804195804196,0.00922933305944056,180,106
0.06494140625,0.4195804195804196,0.00922933305944056,180,106
0.065185546875,0.4195804195804196,0.00922933305944056,180,106
0.0654296875,0.4195804195804196,0.00922933305944056,180,106
0.065673828125,0.4195804195804196,0.00922933305944056,180,106
0.06591796875,0.4195804195804196,0.00922933305944056,180,106
0.066162109375,0.4230769230769231,0.00925279945804196,179,107
0.06640625,0.4230769230769231,0.00925279945804196,179,107
0.067138671875,0.4230769230769231,0.00925279945804196,179,107
0.06787109375,0.4230769230769231,0.00925279945804196,179,107
0.068115234375,0.4230769230769231,0.00925279945804196,179,107
0.068359375,0.4230769230769231,0.00925279945804196,179,107
0.068603515625,0.4230769230769231,0.00925279945804196,179,107
0.06884765625,0.4230769230769231,0.00925279945804196,179,107
0.0693359375,0.4230769230769231,0.009360207849650349,178,108
0.06982421875,0.4230769230769231,0.009485361975524475,176,110
0.070068359375,0.4230769230769231,0.009485361975524475,176,110
0.0703125,0.4230769230769231,0.009485361975524475,176,110
0.070556640625,0.4230769230769231,0.009485361975524475,176,110
0.07080078125,0.4230769230769231,0.009485361975524475,176,110
0.071044921875,0.4230769230769231,0.009485361975524475,176,110
0.0712890625,0.4230769230769231,0.009485361975524475,176,110
0.071533203125,0.4230769230769231,0.009586037884615383,175,111
0.07177734375,0.4230769230769231,0.009586037884615383,175,111
0.072021484375,0.4230769230769231,0.009586037884615383,175,111
0.072265625,0.4230769230769231,0.009586037884615383,175,111
0.072509765625,0.4230769230769231,0.009586037884615383,175,111
0.07275390625,0.4230769230769231,0.009586037884615383,175,111
0.072998046875,0.42657342657342656,0.009616625926573428,174,112
0.0732421875,0.42657342657342656,0.009616625926573428,174,112
0.073486328125,0.42657342657342656,0.009616625926573428,174,112
0.07373046875,0.42657342657342656,0.009616625926573428,174,112
0.073974609375,0.42657342657342656,0.009616625926573428,174,112
0.07421875,0.42657342657342656,0.009616625926573428,174,112
0.07470703125,0.42657342657342656,0.009616625926573428,174,112
0.0751953125,0.42657342657342656,0.009616625926573428,174,112
0.075439453125,0.42657342657342656,0.009715823024475524,173,113
0.07568359375,0.42657342657342656,0.009715823024475524,173,113
0.075927734375,0.42657342657342656,0.009715823024475524,173,113
0.076171875,0.42657342657342656,0.009715823024475524,173,113
0.076416015625,0.42657342657342656,0.009769410472027971,172,114
0.07666015625,0.42657342657342656,0.009769410472027971,172,114
0.076904296875,0.42657342657342656,0.009769410472027971,172,114
0.0771484375,0.42657342657342656,0.009769410472027971,172,114
0.077392578125,0.42657342657342656,0.009769410472027971,172,114
0.07763671875,0.42657342657342656,0.009769410472027971,172,114
0.078125,0.43006993006993005,0.009871409527972027,170,116
0.07861328125,0.43006993006993005,0.009988702604895105,169,117
0.078857421875,0.43006993006993005,0.009988702604895105,169,117
0.0791015625,0.43006993006993005,0.009988702604895105,169,117
0.079345703125,0.43006993006993005,0.009988702604895105,169,117
0.07958984375,0.43006993006993005,0.009988702604895105,169,117
0.079833984375,0.43006993006993005,0.009988702604895105,169,117
0.080078125,0.43006993006993005,0.009988702604895105,169,117
0.080322265625,0.43006993006993005,0.010018278828671328,168,118
0.08056640625,0.43006993006993005,0.010018278828671328,168,118
0.080810546875,0.43006993006993005,0.010048010716783216,167,119
0.0810546875,0.43006993006993005,0.010048010716783216,167,119
0.08154296875,0.43006993006993005,0.010073695332167832,166,120
0.08203125,0.43006993006993005,0.010073695332167832,166,120
0.08251953125,0.43006993006993005,0.010073695332167832,166,120
0.0830078125,0.43006993006993005,0.010073695332167832,166,120
0.083251953125,0.43006993006993005,0.010073695332167832,166,120
0.08349609375,0.43006993006993005,0.010073695332167832,166,120
0.083740234375,0.43006993006993005,0.010073695332167832,166,120
0.083984375,0.43006993006993005,0.010073695332167832,166,120
0.084228515625,0.43006993006993005,0.010073695332167832,166,120
0.08447265625,0.43006993006993005,0.010073695332167832,166,120
0.084716796875,0.43006993006993005,0.010073695332167832,166,120
0.0849609375,0.43006993006993005,0.010073695332167832,166,120
0.08544921875,0.43006993006993005,0.010073695332167832,166,120
0.0859375,0.43006993006993005,0.010100119353146853,165,121
0.086669921875,0.43006993006993005,0.010100119353146853,165,121
0.08740234375,0.43006993006993005,0.010100119353146853,165,121
0.087890625,0.43006993006993005,0.010100119353146853,165,121
0.08837890625,0.43006993006993005,0.010100119353146853,165,121
0.088623046875,0.43006993006993005,0.010100119353146853,165,121
0.0888671875,0.43006993006993005,0.010100119353146853,165,121
0.089111328125,0.43006993006993005,0.010100119353146853,165,121
0.08935546875,0.43006993006993005,0.010100119353146853,165,121
0.089599609375,0.43006993006993005,0.010100119353146853,165,121
0.08984375,0.43006993006993005,0.010100119353146853,165,121
0.090576171875,0.43006993006993005,0.010100119353146853,165,121
0.09130859375,0.43006993006993005,0.010100119353146853,165,121
0.092041015625,0.43006993006993005,0.010100119353146853,165,121
0.0927734375,0.43006993006993005,0.010100119353146853,165,121
0.093017578125,0.43006993006993005,0.010128372430069931,164,122
0.09326171875,0.43006993006993005,0.010128372430069931,164,122
0.093505859375,0.43006993006993005,0.010181492884615385,163,123
0.09375,0.43006993006993005,0.010181492884615385,163,123
0.094482421875,0.43356643356643354,0.010232356206293708,162,124
0.09521484375,0.43356643356643354,0.010232356206293708,162,124
0.095458984375,0.43356643356643354,0.010372570856643358,161,125
0.095703125,0.43356643356643354,0.010372570856643358,161,125
0.0966796875,0.4370629370629371,0.010404715541958043,160,126
0.09765625,0.4370629370629371,0.010485349667832168,159,127
0.097900390625,0.4370629370629371,0.010485349667832168,159,127
0.09814453125,0.4370629370629371,0.010485349667832168,159,127
0.098388671875,0.4370629370629371,0.010485349667832168,159,127
0.0986328125,0.4370629370629371,0.010485349667832168,159,127
0.098876953125,0.4370629370629371,0.010629961835664337,158,128
0.09912109375,0.4370629370629371,0.010629961835664337,158,128
0.099609375,0.4370629370629371,0.010629961835664337,158,128
0.10009765625,0.4370629370629371,0.010671835541958042,157,129
0.100341796875,0.4370629370629371,0.01072343826923077,156,130
0.1005859375,0.4370629370629371,0.01072343826923077,156,130
0.101318359375,0.4370629370629371,0.01072343826923077,156,130
0.10205078125,0.4370629370629371,0.01072343826923077,156,130
0.102294921875,0.4370629370629371,0.01072343826923077,156,130
0.1025390625,0.4370629370629371,0.01072343826923077,156,130
0.10302734375,0.4370629370629371,0.01072343826923077,156,130
0.103515625,0.4370629370629371,0.01072343826923077,156,130
0.103759765625,0.4370629370629371,0.01072343826923077,156,130
0.10400390625,0.4370629370629371,0.01072343826923077,156,130
0.1044921875,0.4405594405594406,0.010855130297202798,155,131
0.10498046875,0.4405594405594406,0.010855130297202798,155,131
0.105224609375,0.4405594405594406,0.010855130297202798,155,131
0.10546875,0.4405594405594406,0.010855130297202798,155,131
0.1064453125,0.4405594405594406,0.010855130297202798,155,131
0.107421875,0.4405594405594406,0.010855130297202798,155,131
0.1083984375,0.4405594405594406,0.010855130297202798,155,131
0.109375,0.4405594405594406,0.010855130297202798,155,131
0.11083984375,0.4405594405594406,0.010930471835664337,154,132
0.1123046875,0.4405594405594406,0.010930471835664337,154,132
0.113525390625,0.4405594405594406,0.011003595157342658,153,133
0.11474609375,0.4405594405594406,0.011003595157342658,153,133
0.115234375,0.4405594405594406,0.01111279368881119,152,134
0.11572265625,0.4405594405594406,0.01111279368881119,152,134
0.115966796875,0.4405594405594406,0.01111279368881119,152,134
0.1162109375,0.4405594405594406,0.01111279368881119,152,134
0.116455078125,0.4405594405594406,0.01111279368881119,152,134
0.11669921875,0.4405594405594406,0.01111279368881119,152,134
0.116943359375,0.4405594405594406,0.01111279368881119,152,134
0.1171875,0.4405594405594406,0.01111279368881119,152,134
0.118408203125,0.4405594405594406,0.011144627045454545,151,135
0.11962890625,0.4405594405594406,0.011144627045454545,151,135
0.12060546875,0.4405594405594406,0.011144627045454545,151,135
0.12158203125,0.4405594405594406,0.011144627045454545,151,135
0.122314453125,0.4405594405594406,0.011144627045454545,151,135
0.123046875,0.4405594405594406,0.011144627045454545,151,135
0.123291015625,0.4405594405594406,0.011144627045454545,151,135
0.12353515625,0.4405594405594406,0.011144627045454545,151,135
0.124267578125,0.4405594405594406,0.011144627045454545,151,135
0.125,0.4405594405594406,0.011144627045454545,151,135
0.12548828125,0.4405594405594406,0.011144627045454545,151,135
0.1259765625,0.4405594405594406,0.011144627045454545,151,135
0.12646484375,0.4405594405594406,0.011180507674825176,150,136
0.126953125,0.4405594405594406,0.011180507674825176,150,136
0.12744140625,0.4405594405594406,0.011180507674825176,150,136
0.1279296875,0.4405594405594406,0.011180507674825176,150,136
0.12841796875,0.4405594405594406,0.011180507674825176,150,136
0.12890625,0.4405594405594406,0.011180507674825176,150,136
0.13037109375,0.4405594405594406,0.011180507674825176,150,136
0.1318359375,0.4405594405594406,0.011180507674825176,150,136
0.13232421875,0.4405594405594406,0.011180507674825176,150,136
0.1328125,0.4405594405594406,0.011180507674825176,150,136
0.13330078125,0.4405594405594406,0.011180507674825176,150,136
0.1337890625,0.4405594405594406,0.011180507674825176,150,136
0.13427734375,0.4405594405594406,0.011180507674825176,150,136
0.134765625,0.4405594405594406,0.011180507674825176,150,136
0.13623046875,0.4405594405594406,0.011211601625874127,149,137
0.1376953125,0.4405594405594406,0.011211601625874127,149,137
0.138671875,0.4405594405594406,0.011211601625874127,149,137
0.1396484375,0.4405594405594406,0.011211601625874127,149,137
0.140625,0.4405594405594406,0.011211601625874127,149,137
0.1416015625,0.4405594405594406,0.011211601625874127,149,137
0.14208984375,0.4405594405594406,0.011211601625874127,149,137
0.142578125,0.4405594405594406,0.011211601625874127,149,137
0.14404296875,0.44405594405594406,0.011236040926573427,148,138
0.1455078125,0.44405594405594406,0.011328388793706293,147,139
0.14599609375,0.44405594405594406,0.011399254982517483,146,140
0.146484375,0.44405594405594406,0.011399254982517483,146,140
0.150390625,0.44405594405594406,0.011399254982517483,146,140
0.154296875,0.44405594405594406,0.011442840996503497,145,141
0.15478515625,0.44405594405594406,0.011442840996503497,145,141
0.1552734375,0.44405594405594406,0.011442840996503497,145,141
0.15673828125,0.44405594405594406,0.011442840996503497,145,141
0.158203125,0.44405594405594406,0.011442840996503497,145,141
0.16064453125,0.4405594405594406,0.011621543653846156,143,143
0.1630859375,0.4405594405594406,0.011703462010489512,142,144
0.16357421875,0.4405594405594406,0.011703462010489512,142,144
0.1640625,0.4405594405594406,0.011703462010489512,142,144
0.16455078125,0.4405594405594406,0.011756193304195806,141,145
0.1650390625,0.4405594405594406,0.011756193304195806,141,145
0.16552734375,0.4405594405594406,0.011756193304195806,141,145
0.166015625,0.4405594405594406,0.011756193304195806,141,145
0.16748046875,0.4405594405594406,0.011756193304195806,141,145
0.1689453125,0.4405594405594406,0.011756193304195806,141,145
0.17138671875,0.4370629370629371,0.01185799777972028,140,146
0.173828125,0.4370629370629371,0.011902011870629371,139,147
0.17529296875,0.4370629370629371,0.011902011870629371,139,147
0.1767578125,0.4370629370629371,0.011902011870629371,139,147
0.17822265625,0.4370629370629371,0.011902011870629371,139,147
0.1796875,0.4370629370629371,0.01193999396853147,138,148
0.1806640625,0.4370629370629371,0.01194991756993007,137,149
0.181640625,0.4370629370629371,0.01194991756993007,137,149
0.18212890625,0.4370629370629371,0.01194991756993007,137,149
0.1826171875,0.4370629370629371,0.01194991756993007,137,149
0.18310546875,0.4370629370629371,0.01194991756993007,137,149
0.18359375,0.4370629370629371,0.01194991756993007,137,149
0.1845703125,0.4370629370629371,0.01194991756993007,137,149
0.185546875,0.4370629370629371,0.011981556346153846,136,150
0.18603515625,0.4370629370629371,0.011981556346153846,136,150
0.1865234375,0.4370629370629371,0.011981556346153846,136,150
0.1875,0.4370629370629371,0.011981556346153846,136,150
0.1884765625,0.4370629370629371,0.011981556346153846,136,150
0.18896484375,0.4370629370629371,0.011981556346153846,136,150
0.189453125,0.4370629370629371,0.011981556346153846,136,150
0.1904296875,0.4370629370629371,0.011981556346153846,136,150
0.19140625,0.4370629370629371,0.011981556346153846,136,150
0.1923828125,0.4370629370629371,0.011981556346153846,136,150
0.193359375,0.4370629370629371,0.011981556346153846,136,150
0.19384765625,0.4370629370629371,0.011981556346153846,136,150
0.1943359375,0.4370629370629371,0.011981556346153846,136,150
0.1953125,0.4370629370629371,0.011981556346153846,136,150
0.1962890625,0.4370629370629371,0.011981556346153846,136,150
0.19775390625,0.4370629370629371,0.012031330017482517,135,151
0.19921875,0.4370629370629371,0.012031330017482517,135,151
0.201171875,0.4370629370629371,0.012031330017482517,135,151
0.203125,0.4370629370629371,0.012031330017482517,135,151
0.2099609375,0.4370629370629371,0.012031330017482517,135,151
0.216796875,0.4370629370629371,0.012031330017482517,135,151
0.21826171875,0.4370629370629371,0.012031330017482517,135,151
0.2197265625,0.4370629370629371,0.012031330017482517,135,151
0.22509765625,0.4370629370629371,0.012031330017482517,135,151
0.23046875,0.43356643356643354,0.012091260786713286,134,152
0.23193359375,0.43356643356643354,0.012091260786713286,134,152
0.2333984375,0.43356643356643354,0.012115622255244755,133,153
0.23388671875,0.43356643356643354,0.012115622255244755,133,153
0.234375,0.43356643356643354,0.012115622255244755,133,153
0.2353515625,0.43356643356643354,0.012115622255244755,133,153
0.236328125,0.43356643356643354,0.012115622255244755,133,153
0.2412109375,0.43356643356643354,0.012187850506993008,132,154
0.24609375,0.43356643356643354,0.012225793688811189,131,155
0.2568359375,0.43356643356643354,0.012277201835664336,129,157
0.267578125,0.43356643356643354,0.012277201835664336,129,157
0.2734375,0.43356643356643354,0.012322850402097902,127,159
0.279296875,0.43356643356643354,0.012322850402097902,127,159
0.2802734375,0.43356643356643354,0.012349858164335663,126,160
0.28125,0.43356643356643354,0.012349858164335663,126,160
0.28515625,0.43356643356643354,0.012349858164335663,126,160
0.2890625,0.43356643356643354,0.012349858164335663,126,160
0.2978515625,0.43356643356643354,0.012408349038461539,124,162
0.306640625,0.43356643356643354,0.01243208784965035,123,163
0.3125,0.43356643356643354,0.012456566066433566,122,164
0.318359375,0.43356643356643354,0.012456566066433566,122,164
0.3271484375,0.43356643356643354,0.012456566066433566,122,164
0.3359375,0.43356643356643354,0.01257876256993007,120,166
0.3515625,0.43356643356643354,0.01262616236013986,118,168
0.3671875,0.43356643356643354,0.01262616236013986,118,168
0.3759765625,0.43356643356643354,0.01262616236013986,118,168
0.384765625,0.43356643356643354,0.01262616236013986,118,168
0.3876953125,0.43356643356643354,0.01262616236013986,118,168
0.390625,0.43356643356643354,0.01262616236013986,118,168
0.4248046875,0.43356643356643354,0.012795758653846153,112,174
0.458984375,0.43006993006993005,0.013021160611888113,107,179
0.4619140625,0.43006993006993005,0.013021160611888113,107,179
0.46484375,0.43006993006993005,0.013021160611888113,107,179
0.46875,0.43006993006993005,0.013021160611888113,107,179
0.47265625,0.43006993006993005,0.013090820402097903,106,180
0.4921875,0.43006993006993005,0.013147676800699303,104,182
0.5,0.43006993006993005,0.013147676800699303,104,182
0.51171875,0.43006993006993005,0.013147676800699303,104,182
0.521484375,0.43006993006993005,0.013147676800699303,104,182
0.53125,0.43006993006993005,0.013147676800699303,104,182
0.5546875,0.43006993006993005,0.013147676800699303,104,182
0.578125,0.43006993006993005,0.013147676800699303,104,182
0.625,0.43006993006993005,0.013331205052447554,99,187
0.671875,0.43006993006993005,0.013447097150349651,96,190
0.67578125,0.43356643356643354,0.013495742255244756,95,191
0.6796875,0.43356643356643354,0.013495742255244756,95,191
0.681640625,0.43356643356643354,0.013495742255244756,95,191
0.68359375,0.43356643356643354,0.013495742255244756,95,191
0.712890625,0.43356643356643354,0.013578828094405594,93,193
0.7421875,0.43356643356643354,0.013578828094405594,93,193
0.75390625,0.4370629370629371,0.013684718758741258,91,195
0.765625,0.4370629370629371,0.013721922534965035,90,196
0.775390625,0.4370629370629371,0.013742236730769231,89,197
0.78515625,0.4370629370629371,0.013742236730769231,89,197
0.791015625,0.4370629370629371,0.01379979361888112,87,199
0.796875,0.4370629370629371,0.01379979361888112,87,199
0.80078125,0.4370629370629371,0.01379979361888112,87,199
0.8046875,0.4370629370629371,0.01379979361888112,87,199
0.80859375,0.4370629370629371,0.01379979361888112,87,199
0.8125,0.4370629370629371,0.01379979361888112,87,199
0.81640625,0.4370629370629371,0.01386209826923077,86,200
0.8203125,0.4370629370629371,0.01386209826923077,86,200
0.828125,0.4370629370629371,0.01388097256993007,85,201
0.8359375,0.4370629370629371,0.01388097256993007,85,201
0.837890625,0.4370629370629371,0.01388097256993007,85,201
0.83984375,0.4370629370629371,0.01388097256993007,85,201
0.845703125,0.43356643356643354,0.013935649667832168,83,203
0.8515625,0.43356643356643354,0.013935649667832168,83,203
0.853515625,0.4370629370629371,0.013963980576923078,82,204
0.85546875,0.4370629370629371,0.013963980576923078,82,204
0.857421875,0.4370629370629371,0.013963980576923078,82,204
0.859375,0.4370629370629371,0.013963980576923078,82,204
0.861328125,0.4370629370629371,0.013963980576923078,82,204
0.86328125,0.4370629370629371,0.013963980576923078,82,204
0.865234375,0.4370629370629371,0.014008928653846153,81,205
0.8671875,0.4370629370629371,0.014008928653846153,81,205
0.873046875,0.4370629370629371,0.014037531975524476,80,206
0.87890625,0.4370629370629371,0.01410715284965035,79,207
0.880859375,0.4405594405594406,0.014162024527972026,78,208
0.8828125,0.4405594405594406,0.014162024527972026,78,208
0.884765625,0.4405594405594406,0.014162024527972026,78,208
0.88671875,0.4405594405594406,0.014162024527972026,78,208
0.890625,0.4405594405594406,0.014162024527972026,78,208
0.89453125,0.4405594405594406,0.014162024527972026,78,208
0.896484375,0.4405594405594406,0.01418327270979021,77,209
0.8984375,0.4405594405594406,0.01418327270979021,77,209
0.900390625,0.4405594405594406,0.01418327270979021,77,209
0.90234375,0.4405594405594406,0.01418327270979021,77,209
0.904296875,0.4405594405594406,0.01418327270979021,77,209
0.90625,0.4405594405594406,0.01418327270979021,77,209
0.908203125,0.4405594405594406,0.01418327270979021,77,209
0.91015625,0.4405594405594406,0.01418327270979021,77,209
0.912109375,0.4405594405594406,0.01418327270979021,77,209
0.9140625,0.4405594405594406,0.01418327270979021,77,209
0.916015625,0.4405594405594406,0.01418327270979021,77,209
0.91796875,0.4405594405594406,0.01418327270979021,77,209
0.919921875,0.4405594405594406,0.014194830786713287,76,210
0.921875,0.4405594405594406,0.014194830786713287,76,210
0.923828125,0.44405594405594406,0.014230477919580419,75,211
0.92578125,0.44405594405594406,0.014230477919580419,75,211
0.927734375,0.44405594405594406,0.01425768026223776,74,212
0.9296875,0.44405594405594406,0.01425768026223776,74,212
0.931640625,0.44405594405594406,0.014407818513986015,70,216
0.93359375,0.44405594405594406,0.014407818513986015,70,216
0.935546875,0.44755244755244755,0.014475960576923077,68,218
0.9375,0.44755244755244755,0.014475960576923077,68,218
0.939453125,0.44755244755244755,0.014524216520979018,66,220
0.94140625,0.44755244755244755,0.014524216520979018,66,220
0.943359375,0.44755244755244755,0.014576325157342657,65,221
0.9453125,0.44755244755244755,0.014576325157342657,65,221
0.947265625,0.44755244755244755,0.01461376243006993,63,223
0.94921875,0.44755244755244755,0.01461376243006993,63,223
0.951171875,0.44755244755244755,0.01461376243006993,63,223
0.953125,0.44755244755244755,0.01461376243006993,63,223
0.955078125,0.45104895104895104,0.01488341197552448,56,230
0.95703125,0.45104895104895104,0.01488341197552448,56,230
0.958984375,0.458041958041958,0.015000588304195804,52,234
0.9609375,0.458041958041958,0.015000588304195804,52,234
0.962890625,0.45454545454545453,0.015109786835664335,48,238
0.96484375,0.45454545454545453,0.015109786835664335,48,238
0.966796875,0.45104895104895104,0.015191588444055944,44,242
0.96875,0.45104895104895104,0.015191588444055944,44,242
0.970703125,0.458041958041958,0.015517860891608391,35,251
0.97265625,0.458041958041958,0.015517860891608391,35,251
0.974609375,0.46853146853146854,0.015993065192307695,24,262
0.9765625,0.46853146853146854,0.015993065192307695,24,262
0.978515625,0.47202797202797203,0.016208465716783214,16,270
0.98046875,0.47202797202797203,0.016208465716783214,16,270
0.982421875,0.47202797202797203,0.016354323199300698,13,273
0.984375,0.47202797202797203,0.016354323199300698,13,273
0.986328125,0.47202797202797203,0.01676741743006993,4,282
0.98828125,0.47202797202797203,0.01676741743006993,4,282
0.990234375,0.47202797202797203,0.016844237779720283,2,284
0.9921875,0.47202797202797203,0.016844237779720283,2,284
0.994140625,0.47202797202797203,0.01689264938811189,1,285
0.99609375,0.47202797202797203,0.01689264938811189,1,285
1,0.47202797202797203,0.01691701085664336,0,286
2,0.47202797202797203,0.01691701085664336,0,286
