lambda,tau,eval_mean_reward,eval_mean_cost,eval_mean_utility,eval_choose_20b,eval_escalate_120b
0,0.3759765625,0.43356643356643354,0.01262616236013986,0.43356643356643354,118,168
1,0.3759765625,0.43356643356643354,0.01262616236013986,0.4209402712062937,118,168
2,0.3759765625,0.43356643356643354,0.01262616236013986,0.4083141088461538,118,168
5,0.3759765625,0.43356643356643354,0.01262616236013986,0.3704356217657342,118,168
10,-1,0.3881118881118881,0.0030106595979020982,0.35800529213286714,286,0
20,-1,0.3881118881118881,0.0030106595979020982,0.3278986961538462,286,0
50,-1,0.3881118881118881,0.0030106595979020982,0.23757890821678318,286,0
100,-1,0.3881118881118881,0.0030106595979020982,0.08704592832167832,286,0
200,-1,0.3881118881118881,0.0030106595979020982,-0.21402003146853146,286,0
