method,route,n,true_success_rate,pred_success_rate_at_0_5,accuracy_at_0_5,balanced_accuracy_at_0_5,recall_success,recall_failure,roc_auc,mean_pred_prob,tp,tn,fp,fn
reward_bce_r64_qkvo_mlp_input_only_10epoch,OSS120,286,0.47202797202797203,0.40559440559440557,0.6818181818181818,0.6770909982830513,0.5925925925925926,0.7615894039735099,0.7094922737306844,0.47111357060762554,80,115,36,55
reward_bce_r64_qkvo_mlp_input_only_10epoch,OSS20,286,0.3881118881118881,0.3986013986013986,0.7307692307692307,0.719047619047619,0.6666666666666666,0.7714285714285715,0.7248906048906049,0.45157373910183674,74,135,40,37
reward_bce_r128_qkvo_mlp_input_only_10epoch,OSS120,286,0.47202797202797203,0.3811188811188811,0.6993006993006993,0.6932548442482217,0.5851851851851851,0.8013245033112583,0.7676968359087565,0.4653429900641208,79,121,30,56
reward_bce_r128_qkvo_mlp_input_only_10epoch,OSS20,286,0.3881118881118881,0.3811188811188811,0.6853146853146853,0.667078507078507,0.5855855855855856,0.7485714285714286,0.731994851994852,0.4437873304098636,65,131,44,46
reward_bce_r32_qkvo_mlp_10epoch,OSS120,286,0.47202797202797203,0.4090909090909091,0.6853146853146853,0.680794701986755,0.6,0.7615894039735099,0.7471425067451557,0.45931940833171764,81,115,36,54
reward_bce_r32_qkvo_mlp_10epoch,OSS20,286,0.3881118881118881,0.40559440559440557,0.6748251748251748,0.6618018018018018,0.6036036036036037,0.72,0.7072586872586872,0.4415717518829799,67,126,49,44
reward_bce_r64_qkvo_mlp_h2048_input_only_10epoch,OSS120,286,0.47202797202797203,0.48951048951048953,0.6678321678321678,0.6677704194260485,0.6666666666666666,0.6688741721854304,0.7149374540103017,0.49739242928636657,90,101,50,45
reward_bce_r64_qkvo_mlp_h2048_input_only_10epoch,OSS20,286,0.3881118881118881,0.46853146853146854,0.6678321678321678,0.6692664092664092,0.6756756756756757,0.6628571428571428,0.6936679536679536,0.4698537559984447,75,116,59,36
reward_bce_r32_qkvo_mlp_semantic_late_fusion_10epoch,OSS120,286,0.47202797202797203,0.45454545454545453,0.6888111888111889,0.6868530782438067,0.6518518518518519,0.7218543046357616,0.7432425803286731,0.4633670191352184,88,109,42,47
reward_bce_r32_qkvo_mlp_semantic_late_fusion_10epoch,OSS20,286,0.3881118881118881,0.40559440559440557,0.6608391608391608,0.647078507078507,0.5855855855855856,0.7085714285714285,0.7104247104247104,0.4138364040038802,65,124,51,46
reward_bce_r128_qkvo_mlp_h2048_input_only_10epoch,OSS120,286,0.47202797202797203,0.42657342657342656,0.6748251748251748,0.6712533725778759,0.6074074074074074,0.7350993377483444,0.7365219524159922,0.47647944968063516,82,111,40,53
reward_bce_r128_qkvo_mlp_h2048_input_only_10epoch,OSS20,286,0.3881118881118881,0.3881118881118881,0.6713286713286714,0.654002574002574,0.5765765765765766,0.7314285714285714,0.721956241956242,0.44707182471777174,64,128,47,47
reward_bce_10epoch,OSS120,286,0.47202797202797203,0.5104895104895105,0.6678321678321678,0.6689477557027226,0.6888888888888889,0.6490066225165563,0.710448859455482,0.4813642305927677,93,98,53,42
reward_bce_10epoch,OSS20,286,0.3881118881118881,0.4965034965034965,0.6468531468531469,0.6537709137709138,0.6846846846846847,0.6228571428571429,0.6756499356499357,0.46020892283299586,76,109,66,35
reward_bce_r32_qkvo_mlp_semantic_problem_only_input_only_10epoch,OSS120,286,0.47202797202797203,0.493006993006993,0.6713286713286714,0.6714741231297523,0.674074074074074,0.6688741721854304,0.6936472896737798,0.4841189972170583,91,101,50,44
reward_bce_r32_qkvo_mlp_semantic_problem_only_input_only_10epoch,OSS20,286,0.3881118881118881,0.493006993006993,0.6363636363636364,0.6419047619047619,0.6666666666666666,0.6171428571428571,0.660978120978121,0.43614795157959413,74,108,67,37
reward_bce_r32_qkvo_mlp_semantic_late_fusion_input_only_10epoch,OSS120,286,0.47202797202797203,0.45104895104895104,0.6643356643356644,0.6621044885945548,0.6222222222222222,0.7019867549668874,0.7492028452293353,0.47539786426545855,84,106,45,51
reward_bce_r32_qkvo_mlp_semantic_late_fusion_input_only_10epoch,OSS20,286,0.3881118881118881,0.3181818181818182,0.6643356643356644,0.6301673101673102,0.4774774774774775,0.7828571428571428,0.6805405405405406,0.4255797854670278,53,137,38,58
reward_bce_r32_qkvo_mlp_input_only_10epoch,OSS120,286,0.47202797202797203,0.4230769230769231,0.6363636363636364,0.6324748589649252,0.562962962962963,0.7019867549668874,0.6710326220259996,0.47147155287382486,76,106,45,59
reward_bce_r32_qkvo_mlp_input_only_10epoch,OSS20,286,0.3881118881118881,0.4160839160839161,0.6503496503496503,0.6385070785070786,0.5855855855855856,0.6914285714285714,0.6787644787644788,0.4502743665988629,65,121,54,46
reward_bce_input_only_10epoch,OSS120,286,0.47202797202797203,0.3986013986013986,0.6118881118881119,0.6065489330389993,0.5111111111111111,0.7019867549668874,0.6472651459406427,0.46137188468779716,69,106,45,66
reward_bce_input_only_10epoch,OSS20,286,0.3881118881118881,0.3776223776223776,0.6468531468531469,0.6257657657657658,0.5315315315315315,0.72,0.6413127413127413,0.4280008709097242,59,126,49,52
reward_bce_r32_qkvo_mlp_semantic_code_only_input_only_10epoch,OSS120,286,0.47202797202797203,0.46153846153846156,0.6118881118881119,0.6100809418690213,0.5777777777777777,0.6423841059602649,0.647093451066961,0.46949651535157555,78,97,54,57
reward_bce_r32_qkvo_mlp_semantic_code_only_input_only_10epoch,OSS20,286,0.3881118881118881,0.4195804195804196,0.6258741258741258,0.6135649935649936,0.5585585585585585,0.6685714285714286,0.6354954954954954,0.42148734910504804,62,117,58,49
joint_outcome_oversample_r32_qkvo_mlp_input_only_10epoch,OSS120,286,0.47202797202797203,0.951048951048951,0.458041958041958,0.4832229580573951,0.9333333333333333,0.033112582781456956,0.5751042433161638,0.608838780828706,126,5,146,9
joint_outcome_oversample_r32_qkvo_mlp_input_only_10epoch,OSS20,286,0.3881118881118881,0.04895104895104895,0.6188811188811189,0.5188931788931789,0.07207207207207207,0.9657142857142857,0.6287773487773488,0.38641560880037457,8,169,6,103
route_classifier_cheapest_success_r32_qkvo_mlp_input_only_10epoch,OSS120,286,0.47202797202797203,0.0,0.527972027972028,0.5,0.0,1.0,0.48192298258523425,0.41284143747566465,0,151,0,135
route_classifier_cheapest_success_r32_qkvo_mlp_input_only_10epoch,OSS20,286,0.3881118881118881,1.0,0.3881118881118881,0.5,1.0,0.0,0.5134362934362935,0.5871585563763039,111,0,175,0
route_classifier_cheapest_success_r64_qkvo_mlp_input_only_10epoch,OSS120,286,0.47202797202797203,0.0,0.527972027972028,0.5,0.0,1.0,0.47711552612214864,0.40934960294019923,0,151,0,135
route_classifier_cheapest_success_r64_qkvo_mlp_input_only_10epoch,OSS20,286,0.3881118881118881,1.0,0.3881118881118881,0.5,1.0,0.0,0.4901930501930502,0.5906504042498715,111,0,175,0
joint_outcome_oversample_r32_qkvo_mlp_semantic_late_fusion_input_only_10epoch,OSS120,286,0.47202797202797203,0.9405594405594405,0.45454545454545453,0.4791268089281334,0.9185185185185185,0.039735099337748346,0.469168506254599,0.5975417079000206,124,6,145,11
joint_outcome_oversample_r32_qkvo_mlp_semantic_late_fusion_input_only_10epoch,OSS20,286,0.3881118881118881,0.055944055944055944,0.6118881118881119,0.5131788931788932,0.07207207207207207,0.9542857142857143,0.593976833976834,0.4171839850349026,8,167,8,103
